date,city,country,weather,max_temperature,min_temperature,Wind,Wind_level
2023/12/31,衡水,中国,晴,5.0,-6.0,东北风,微风
2023/12/31,高陵,中国,晴,7.0,-2.0,东北风,微风
2023/12/31,双流,中国,小雨,11.0,7.0,南风,微风
2023/12/31,蓬溪,中国,阴,9.0,8.0,南风,微风
2023/12/31,固始,中国,晴,9.0,0.0,东北风,微风
2023/12/31,海伦,中国,晴,-17.0,-23.0,北风,微风
2023/12/31,黄石,中国,晴,15.0,1.0,无持续风向,微风
2023/12/31,宜川,中国,晴,2.0,-6.0,东北风,微风
2023/12/31,汉川,中国,晴,14.0,2.0,无持续风向,微风
2023/12/31,环县,中国,晴,6.0,-9.0,无持续风向,微风
2023/12/31,潮州,中国,多云,28.0,12.0,无持续风向,微风
2023/12/31,宁津,中国,晴,4.0,-7.0,无持续风向,微风
2023/12/31,东兰,中国,多云,23.0,15.0,东南风,微风
2023/12/31,慈利,中国,晴,16.0,4.0,东北风,微风
2023/12/31,景洪,中国,晴,27.0,13.0,无持续风向,微风
2023/12/31,密云,中国,晴,5.0,-11.0,东北风,微风
2023/12/31,德庆,中国,多云,25.0,14.0,无持续风向,微风
2023/12/31,龙州,中国,多云,25.0,18.0,东风,微风
2023/12/31,连山,中国,小雨,23.0,12.0,无持续风向,微风
2023/12/31,长治,中国,晴,4.0,-9.0,南风,微风
2023/12/31,安图,中国,多云,-5.0,-21.0,西北风,微风
2023/12/31,当阳,中国,晴,13.0,2.0,无持续风向,微风
2023/12/31,玉田,中国,晴,3.0,-11.0,东北风,微风
2023/12/31,宣化,中国,晴,-1.0,-13.0,西北风,3~4级
2023/12/31,澄海,中国,多云,23.0,15.0,东风,3~4级
2023/12/31,成都,中国,多云,11.0,6.0,南风,微风
2023/12/31,井冈山,中国,多云,17.0,5.0,西南风,微风
2023/12/31,介休,中国,晴,1.0,-8.0,北风,微风
2023/12/31,临海,中国,晴,15.0,1.0,西北风,4~5级
2023/12/31,望都,中国,晴,5.0,-8.0,东南风,微风
2023/12/31,科尔沁右翼中旗,中国,晴,-8.0,-14.0,西北风,3~4级
2023/12/31,承德县,中国,多云,0.0,-14.0,北风,微风
2023/12/31,鹤壁,中国,晴,6.0,-5.0,东北风,微风
2023/12/31,银川,中国,晴,2.0,-9.0,无持续风向,微风
2023/12/31,贺兰,中国,晴,3.0,-10.0,无持续风向,微风
2023/12/31,兰州,中国,晴,7.0,-7.0,无持续风向,微风
2023/12/31,文山,中国,阵雨,23.0,12.0,无持续风向,微风
2023/12/31,宽城,中国,多云,-1.0,-12.0,北风,微风
2023/12/31,理县,中国,晴,11.0,-1.0,南风,微风
2023/12/31,太华山,中国,晴,14.0,4.0,无持续风向,微风
2023/12/31,日喀则,中国,多云,7.0,-13.0,无持续风向,微风
2023/12/31,连云港,中国,晴,5.0,-3.0,北风,微风
2023/12/31,格尔木,中国,晴,0.0,-12.0,无持续风向,微风
2023/12/31,皮山,中国,晴,7.0,-8.0,西风,微风
2023/12/31,益阳,中国,晴,15.0,6.0,北风,微风
2023/12/31,尼玛,中国,多云,-1.0,-14.0,西风,6~7级
2023/12/31,从化,中国,多云,23.0,14.0,无持续风向,微风
2023/12/31,江门,中国,晴,26.0,17.0,无持续风向,微风
2023/12/31,南昌,中国,晴,17.0,5.0,北风,微风
2023/12/31,安乡,中国,晴,15.0,5.0,北风,微风
2023/12/31,高淳,中国,晴,9.0,0.0,北风,微风
2023/12/31,东港,中国,晴,-1.0,-15.0,北风,5~6级
2023/12/31,克山,中国,晴,-15.0,-22.0,西南风,微风
2023/12/31,洮南,中国,晴,-11.0,-19.0,北风,微风
2023/12/31,福贡,中国,多云,21.0,4.0,无持续风向,微风
2023/12/31,绿春,中国,阵雨,18.0,10.0,无持续风向,微风
2023/12/31,大武口,中国,晴,0.0,-13.0,无持续风向,微风
2023/12/31,防城港,中国,多云,26.0,18.0,东南风,微风
2023/12/31,绍兴,中国,晴,12.0,1.0,北风,4~5级
2023/12/31,金州,中国,多云,-4.0,-10.0,北风,6~7级
2023/12/31,孝义,中国,晴,2.0,-7.0,东北风,微风
2023/12/31,济南,中国,多云,3.0,-5.0,无持续风向,微风
2023/12/31,上栗,中国,多云,18.0,6.0,西北风,微风
2023/12/31,东海,中国,晴,5.0,-4.0,北风,微风
2023/12/31,三门峡,中国,晴,8.0,-2.0,东风,3~4级
2023/12/31,延寿,中国,晴,-13.0,-28.0,东北风,微风
2023/12/31,江永,中国,多云,23.0,10.0,北风,微风
2023/12/31,福海,中国,多云,-7.0,-12.0,东南风,微风
2023/12/31,即墨,中国,晴,3.0,-6.0,北风,4~5级
2023/12/31,儋州,中国,多云,24.0,18.0,无持续风向,微风
2023/12/31,大关,中国,多云,12.0,6.0,无持续风向,微风
2023/12/31,永修,中国,晴,16.0,3.0,北风,微风
2023/12/31,嘉义,中国,多云,26.0,14.0,无持续风向,微风
2023/12/31,宁县,中国,晴,6.0,-4.0,无持续风向,微风
2023/12/31,兴海,中国,晴,3.0,-18.0,无持续风向,微风
2023/12/31,溧阳,中国,晴,9.0,-1.0,北风,3~4级
2023/12/31,上饶县,中国,晴,18.0,5.0,东北风,微风
2023/12/31,武夷山,中国,晴,21.0,5.0,无持续风向,微风
2023/12/31,临洮,中国,晴,6.0,-13.0,无持续风向,微风
2023/12/31,射洪,中国,阴,10.0,7.0,南风,微风
2023/12/31,余庆,中国,小雨,13.0,8.0,东风,微风
2023/12/31,昭苏,中国,晴,-3.0,-9.0,西风,微风
2023/12/31,衡南,中国,多云,20.0,7.0,北风,微风
2023/12/31,饶河,中国,晴,-17.0,-31.0,西北风,微风
2023/12/31,襄阳,中国,晴,11.0,0.0,无持续风向,微风
2023/12/31,瓜州,中国,多云,3.0,-12.0,无持续风向,微风
2023/12/31,建阳,中国,晴,20.0,7.0,无持续风向,微风
2023/12/31,晋宁,中国,晴,17.0,6.0,无持续风向,微风
2023/12/31,安国,中国,晴,5.0,-8.0,东南风,微风
2023/12/31,温县,中国,晴,9.0,-4.0,东风,微风
2023/12/31,靖安,中国,晴,17.0,3.0,西北风,微风
2023/12/31,芷江,中国,多云,16.0,6.0,北风,微风
2023/12/31,桦甸,中国,阵雪,-6.0,-20.0,西风,微风
2023/12/31,靖宇,中国,小雪,-6.0,-24.0,西北风,微风
2023/12/31,抚宁,中国,晴,1.0,-9.0,北风,3~4级
2023/12/31,中阳,中国,晴,1.0,-8.0,东南风,微风
2023/12/31,扶风,中国,晴,4.0,-1.0,西南风,微风
2023/12/31,哈巴河,中国,多云,-4.0,-8.0,东风,微风
2023/12/31,霞浦,中国,多云,18.0,7.0,无持续风向,微风
2023/12/31,同德,中国,晴,6.0,-13.0,无持续风向,微风
2023/12/31,海宁,中国,晴,10.0,0.0,西北风,4~5级
2023/12/31,金川,中国,晴,15.0,-3.0,北风,微风
2023/12/31,荆门,中国,晴,12.0,2.0,无持续风向,微风
2023/12/31,秭归,中国,晴,13.0,5.0,无持续风向,微风
2023/12/31,平山,中国,晴,4.0,-7.0,南风,微风
2023/12/31,霍州,中国,晴,5.0,-6.0,北风,微风
2023/12/31,安吉,中国,晴,10.0,0.0,西北风,3~4级
2023/12/31,砀山,中国,晴,8.0,-4.0,北风,微风
2023/12/31,柞水,中国,晴,12.0,-2.0,东北风,微风
2023/12/31,安义,中国,晴,16.0,2.0,西北风,微风
2023/12/31,延长,中国,晴,2.0,-8.0,东北风,微风
2023/12/31,乡宁,中国,晴,0.0,-3.0,东南风,微风
2023/12/31,灌云,中国,晴,6.0,-3.0,北风,微风
2023/12/31,苍山,中国,晴,7.0,-5.0,无持续风向,微风
2023/12/31,贡觉,中国,晴,4.0,-12.0,无持续风向,微风
2023/12/31,石渠,中国,晴,0.0,-16.0,南风,微风
2023/12/31,湟中,中国,晴,6.0,-12.0,无持续风向,微风
2023/12/31,灵寿,中国,晴,3.0,-7.0,南风,微风
2023/12/31,繁昌,中国,晴,11.0,-2.0,东北风,微风
2023/12/31,陶乐,中国,晴,2.0,-12.0,无持续风向,微风
2023/12/31,彰武,中国,晴,-7.0,-19.0,北风,4~5级
2023/12/31,小金,中国,晴,11.0,-4.0,北风,微风
2023/12/31,庐山,中国,晴,12.0,3.0,北风,微风
2023/12/31,泰宁,中国,晴,22.0,6.0,无持续风向,微风
2023/12/31,三水,中国,多云,24.0,15.0,无持续风向,微风
2023/12/31,富阳,中国,晴,13.0,0.0,东北风,4~5级
2023/12/31,泾阳,中国,晴,6.0,-2.0,东北风,微风
2023/12/31,泰来,中国,晴,-11.0,-17.0,北风,微风
2023/12/31,泽普,中国,晴,5.0,-9.0,北风,微风
2023/12/31,衢州,中国,晴,16.0,2.0,东北风,4~5级
2023/12/31,申扎,中国,多云,-1.0,-17.0,西风,6~7级
2023/12/31,祁东,中国,多云,20.0,7.0,北风,微风
2023/12/31,乐山,中国,阴,12.0,9.0,南风,微风
2023/12/31,渝北,中国,多云,10.0,7.0,北风,微风
2023/12/31,富宁,中国,多云,24.0,13.0,无持续风向,微风
2023/12/31,崆峒,中国,晴,5.0,-3.0,无持续风向,微风
2023/12/31,公安,中国,晴,14.0,4.0,无持续风向,微风
2023/12/31,延津县,中国,晴,6.0,-5.0,东北风,微风
2023/12/31,黄陵,中国,晴,6.0,-3.0,西南风,微风
2023/12/31,屯留,中国,晴,2.0,-6.0,东风,微风
2023/12/31,扎兰屯,中国,晴,-12.0,-21.0,南风,微风
2023/12/31,唐河,中国,晴,10.0,-2.0,东风,微风
2023/12/31,洛阳市,中国,晴,9.0,-1.0,东北风,微风
2023/12/31,青冈,中国,晴,-16.0,-20.0,北风,微风
2023/12/31,九台,中国,晴,-12.0,-22.0,北风,微风
2023/12/31,莲花,中国,多云,20.0,7.0,北风,微风
2023/12/31,韩城,中国,晴,5.0,-3.0,东北风,微风
2023/12/31,柏乡,中国,晴,5.0,-8.0,北风,微风
2023/12/31,楚雄,中国,晴,17.0,5.0,无持续风向,微风
2023/12/31,正安,中国,阴,10.0,7.0,东风,微风
2023/12/31,北京,中国,晴,5.0,-8.0,东北风,微风
2023/12/31,冷水滩,中国,晴,20.0,9.0,北风,微风
2023/12/31,锦州,中国,晴,-3.0,-12.0,北风,4~5级
2023/12/31,元阳,中国,阵雨,25.0,16.0,无持续风向,微风
2023/12/31,开江,中国,多云,15.0,7.0,南风,微风
2023/12/31,旌德,中国,晴,13.0,-3.0,北风,微风
2023/12/31,普定,中国,多云,15.0,9.0,南风,微风
2023/12/31,西盟,中国,晴,23.0,10.0,无持续风向,微风
2023/12/31,华蓥山,中国,小雨,11.0,9.0,南风,微风
2023/12/31,海兴,中国,晴,3.0,-10.0,东北风,3~4级
2023/12/31,常山,中国,晴,16.0,1.0,东北风,3~4级
2023/12/31,米林,中国,多云,10.0,-4.0,无持续风向,微风
2023/12/31,乐至,中国,阴,10.0,7.0,南风,微风
2023/12/31,郴州,中国,多云,19.0,9.0,北风,微风
2023/12/31,沿河,中国,小雨,10.0,6.0,东风,微风
2023/12/31,安仁,中国,多云,20.0,8.0,东北风,微风
2023/12/31,南靖,中国,晴,26.0,13.0,东风,3~4级
2023/12/31,广宁,中国,多云,26.0,14.0,无持续风向,微风
2023/12/31,门头沟,中国,晴,5.0,-8.0,东南风,微风
2023/12/31,祥云,中国,晴,16.0,3.0,无持续风向,微风
2023/12/31,黎川,中国,晴,21.0,5.0,西风,微风
2023/12/31,张掖,中国,多云,3.0,-10.0,无持续风向,微风
2023/12/31,衡山,中国,多云,18.0,6.0,北风,微风
2023/12/31,依安,中国,晴,-15.0,-22.0,南风,微风
2023/12/31,庆云,中国,晴,3.0,-8.0,无持续风向,微风
2023/12/31,昆山,中国,晴,9.0,2.0,北风,微风
2023/12/31,榆树,中国,晴,-14.0,-24.0,北风,微风
2023/12/31,洱源,中国,雨夹雪,16.0,-1.0,无持续风向,微风
2023/12/31,石林,中国,晴,20.0,5.0,无持续风向,微风
2023/12/31,长泰,中国,晴,26.0,13.0,无持续风向,微风
2023/12/31,万山,中国,小雨,10.0,6.0,东北风,微风
2023/12/31,巨鹿,中国,晴,5.0,-6.0,北风,微风
2023/12/31,玉环,中国,晴,15.0,5.0,东北风,4~5级
2023/12/31,中牟县,中国,晴,9.0,-4.0,东北风,微风
2023/12/31,梨树,中国,晴,-10.0,-17.0,北风,微风
2023/12/31,郎溪,中国,晴,10.0,-2.0,北风,微风
2023/12/31,湟源,中国,晴,6.0,-16.0,无持续风向,微风
2023/12/31,桐乡,中国,晴,10.0,0.0,西北风,4~5级
2023/12/31,洪湖,中国,晴,14.0,4.0,无持续风向,微风
2023/12/31,资阳,中国,阴,12.0,7.0,南风,微风
2023/12/31,孟连,中国,晴,24.0,9.0,无持续风向,微风
2023/12/31,永宁,中国,晴,3.0,-9.0,无持续风向,微风
2023/12/31,腾冲,中国,晴,17.0,3.0,无持续风向,微风
2023/12/31,东明,中国,雾,7.0,-5.0,无持续风向,微风
2023/12/31,清流,中国,晴,23.0,7.0,无持续风向,微风
2023/12/31,鄄城,中国,雾,6.0,-5.0,无持续风向,微风
2023/12/31,大足,中国,多云,10.0,7.0,北风,微风
2023/12/31,榆中,中国,晴,6.0,-12.0,无持续风向,微风
2023/12/31,乌审旗,中国,晴,0.0,-9.0,南风,微风
2023/12/31,濉溪,中国,晴,8.0,-4.0,北风,微风
2023/12/31,赣州,中国,多云,23.0,10.0,东风,微风
2023/12/31,全南,中国,多云,23.0,10.0,南风,微风
2023/12/31,容县,中国,多云,26.0,16.0,东风,微风
2023/12/31,漳县,中国,多云,7.0,-9.0,无持续风向,微风
2023/12/31,盐城,中国,晴,6.0,-2.0,北风,微风
2023/12/31,巴东,中国,晴,15.0,6.0,无持续风向,微风
2023/12/31,始兴,中国,多云,21.0,8.0,无持续风向,微风
2023/12/31,繁峙,中国,晴,0.0,-11.0,西南风,微风
2023/12/31,嘉鱼,中国,晴,14.0,3.0,无持续风向,微风
2023/12/31,清徐,中国,晴,4.0,-8.0,东北风,微风
2023/12/31,乐陵,中国,晴,3.0,-8.0,无持续风向,微风
2023/12/31,定安,中国,多云,25.0,17.0,无持续风向,微风
2023/12/31,南通,中国,晴,7.0,0.0,北风,微风
2023/12/31,诸城,中国,多云,3.0,-7.0,北风,3~4级
2023/12/31,平果,中国,多云,26.0,17.0,东南风,微风
2023/12/31,台江,中国,小雨,15.0,7.0,北风,微风
2023/12/31,宣城,中国,晴,11.0,-1.0,北风,微风
2023/12/31,耀县,中国,晴,6.0,-3.0,无持续风向,微风
2023/12/31,宜黄,中国,晴,20.0,3.0,南风,微风
2023/12/31,崇信,中国,晴,6.0,-2.0,无持续风向,微风
2023/12/31,济阳,中国,多云,3.0,-8.0,无持续风向,微风
2023/12/31,莱西,中国,晴,1.0,-6.0,北风,4~5级
2023/12/31,惠东,中国,多云,26.0,15.0,无持续风向,微风
2023/12/31,亳州,中国,晴,9.0,-3.0,东北风,微风
2023/12/31,凤台,中国,晴,9.0,-1.0,东北风,微风
2023/12/31,山阴,中国,晴,-1.0,-14.0,东南风,微风
2023/12/31,永康,中国,多云,16.0,1.0,东北风,3~4级
2023/12/31,成山头,中国,阴,1.0,-2.0,西北风,5~6级
2023/12/31,陈巴尔虎旗,中国,多云,-17.0,-26.0,南风,微风
2023/12/31,玛纳斯,中国,晴,-3.0,-7.0,东北风,微风
2023/12/31,同安,中国,晴,26.0,11.0,东风,3~4级
2023/12/31,河曲,中国,晴,0.0,-15.0,北风,微风
2023/12/31,柳城,中国,多云,23.0,13.0,北风,微风
2023/12/31,辽阳县,中国,多云,-7.0,-19.0,北风,4~5级
2023/12/31,包头,中国,晴,-5.0,-19.0,西南风,微风
2023/12/31,新平,中国,晴,20.0,6.0,无持续风向,微风
2023/12/31,顺昌,中国,晴,22.0,9.0,无持续风向,微风
2023/12/31,新邵,中国,晴,18.0,6.0,东北风,微风
2023/12/31,松阳,中国,多云,16.0,2.0,无持续风向,微风
2023/12/31,桓台,中国,晴,4.0,-7.0,无持续风向,微风
2023/12/31,乳源,中国,多云,21.0,9.0,无持续风向,微风
2023/12/31,轮台,中国,晴,1.0,-10.0,东风,微风
2023/12/31,华容,中国,晴,15.0,4.0,东北风,微风
2023/12/31,开鲁,中国,晴,-8.0,-15.0,北风,3~4级
2023/12/31,巴中,中国,小雨,13.0,6.0,南风,微风
2023/12/31,隆尧,中国,晴,5.0,-8.0,北风,微风
2023/12/31,黄陂,中国,晴,14.0,0.0,东北风,3~4级
2023/12/31,汝阳县,中国,晴,9.0,-2.0,东南风,微风
2023/12/31,芒康,中国,晴,3.0,-13.0,无持续风向,微风
2023/12/31,玛多,中国,晴,-4.0,-19.0,无持续风向,微风
2023/12/31,石城,中国,多云,22.0,8.0,北风,微风
2023/12/31,杭锦旗,中国,晴,-2.0,-13.0,南风,微风
2023/12/31,交口,中国,晴,0.0,-8.0,南风,微风
2023/12/31,酉阳,中国,小雨,12.0,4.0,东风,微风
2023/12/31,七台河,中国,晴,-15.0,-28.0,北风,3~4级
2023/12/31,当涂,中国,晴,10.0,-1.0,北风,微风
2023/12/31,平遥,中国,晴,3.0,-9.0,北风,微风
2023/12/31,洞头,中国,晴,13.0,7.0,东北风,6~7级
2023/12/31,郑州,中国,晴,9.0,-3.0,东北风,微风
2023/12/31,景泰,中国,晴,5.0,-8.0,无持续风向,微风
2023/12/31,高邑,中国,晴,1.0,-11.0,南风,微风
2023/12/31,广平,中国,晴,5.0,-6.0,北风,微风
2023/12/31,浏阳,中国,晴,18.0,6.0,东风,微风
2023/12/31,木兰,中国,晴,-14.0,-30.0,东北风,微风
2023/12/31,莱州,中国,阴,1.0,-5.0,北风,4~5级
2023/12/31,宁陵,中国,晴,8.0,-4.0,东北风,微风
2023/12/31,岢岚,中国,晴,0.0,-11.0,东北风,微风
2023/12/31,都安,中国,多云,25.0,16.0,东南风,微风
2023/12/31,松溪,中国,晴,21.0,5.0,无持续风向,微风
2023/12/31,云和,中国,多云,17.0,2.0,东北风,3~4级
2023/12/31,子长,中国,晴,3.0,-9.0,东北风,微风
2023/12/31,湘潭,中国,多云,17.0,6.0,北风,微风
2023/12/31,大通,中国,晴,6.0,-18.0,无持续风向,微风
2023/12/31,大名,中国,晴,4.0,-7.0,北风,微风
2023/12/31,金坛,中国,晴,9.0,-1.0,北风,3~4级
2023/12/31,栾川县,中国,晴,7.0,-2.0,东风,微风
2023/12/31,夷陵,中国,晴,13.0,3.0,无持续风向,微风
2023/12/31,邕宁,中国,多云,25.0,17.0,东风,微风
2023/12/31,贡噶,中国,晴,8.0,-8.0,无持续风向,微风
2023/12/31,灵石,中国,晴,1.0,-8.0,东北风,微风
2023/12/31,汉寿,中国,晴,16.0,6.0,北风,微风
2023/12/31,内江,中国,阴,12.0,8.0,南风,微风
2023/12/31,曲沃,中国,晴,8.0,-3.0,东南风,微风
2023/12/31,光山,中国,晴,10.0,-1.0,东北风,微风
2023/12/31,枣强,中国,晴,5.0,-7.0,东北风,微风
2023/12/31,通化县,中国,晴,-5.0,-22.0,北风,微风
2023/12/31,西畴,中国,多云,18.0,11.0,无持续风向,微风
2023/12/31,凤阳,中国,晴,9.0,-4.0,东北风,微风
2023/12/31,巴里坤,中国,晴,-4.0,-12.0,北风,微风
2023/12/31,拐子湖,中国,晴,-1.0,-11.0,西风,微风
2023/12/31,桐庐,中国,晴,14.0,0.0,东北风,4~5级
2023/12/31,麻江,中国,小雨,12.0,6.0,北风,微风
2023/12/31,广南,中国,晴,22.0,9.0,无持续风向,微风
2023/12/31,甘谷,中国,多云,10.0,-3.0,无持续风向,微风
2023/12/31,鸡泽,中国,晴,4.0,-7.0,北风,微风
2023/12/31,图们,中国,晴,-3.0,-17.0,西北风,微风
2023/12/31,通渭,中国,晴,6.0,-10.0,无持续风向,微风
2023/12/31,盐池,中国,晴,5.0,-11.0,无持续风向,微风
2023/12/31,竹山,中国,晴,14.0,2.0,无持续风向,微风
2023/12/31,英山,中国,晴,15.0,-1.0,无持续风向,微风
2023/12/31,大竹,中国,小雨,13.0,7.0,南风,微风
2023/12/31,彬县,中国,晴,7.0,-2.0,东北风,微风
2023/12/31,西乌珠穆沁旗,中国,多云,-11.0,-16.0,西南风,4~5级
2023/12/31,额敏,中国,多云,-1.0,-6.0,东北风,微风
2023/12/31,双辽,中国,晴,-10.0,-18.0,东北风,微风
2023/12/31,阳高,中国,晴,-2.0,-14.0,东南风,微风
2023/12/31,丰县,中国,晴,6.0,-4.0,北风,微风
2023/12/31,攀枝花,中国,晴,22.0,6.0,北风,微风
2023/12/31,余江,中国,多云,18.0,5.0,西南风,微风
2023/12/31,黄山区,中国,晴,13.0,-3.0,东北风,微风
2023/12/31,临城,中国,晴,5.0,-6.0,北风,微风
2023/12/31,黔西,中国,阴,17.0,6.0,东北风,微风
2023/12/31,朱日和,中国,多云,-4.0,-12.0,西南风,4~5级
2023/12/31,北安,中国,晴,-16.0,-25.0,西北风,3~4级
2023/12/31,遂宁,中国,阴,9.0,8.0,南风,微风
2023/12/31,霍山,中国,晴,11.0,-3.0,东北风,微风
2023/12/31,华池,中国,晴,6.0,-11.0,无持续风向,微风
2023/12/31,宁南,中国,晴,22.0,8.0,北风,微风
2023/12/31,乌鲁木齐,中国,晴,-2.0,-8.0,南风,微风
2023/12/31,新密市,中国,晴,9.0,-3.0,东风,微风
2023/12/31,平原,中国,晴,4.0,-8.0,无持续风向,微风
2023/12/31,荔波,中国,小雨,22.0,12.0,东南风,微风
2023/12/31,方城,中国,晴,9.0,-4.0,东风,微风
2023/12/31,清水,中国,多云,9.0,-2.0,无持续风向,微风
2023/12/31,宜春,中国,晴,18.0,4.0,南风,微风
2023/12/31,南安,中国,晴,26.0,11.0,东风,3~4级
2023/12/31,永年,中国,晴,5.0,-6.0,北风,微风
2023/12/31,双城,中国,晴,-16.0,-24.0,东北风,微风
2023/12/31,河南,中国,晴,4.0,-23.0,无持续风向,微风
2023/12/31,保山,中国,晴,17.0,2.0,无持续风向,微风
2023/12/31,贵阳,中国,阵雨,16.0,8.0,南风,微风
2023/12/31,中卫,中国,晴,2.0,-11.0,无持续风向,微风
2023/12/31,威远,中国,阴,12.0,9.0,南风,微风
2023/12/31,牙克石,中国,多云,-15.0,-26.0,南风,微风
2023/12/31,平泉,中国,多云,-3.0,-15.0,东北风,微风
2023/12/31,边坝,中国,晴,5.0,-13.0,无持续风向,微风
2023/12/31,垣曲,中国,晴,8.0,-5.0,东南风,微风
2023/12/31,永靖,中国,晴,8.0,-10.0,无持续风向,微风
2023/12/31,武安,中国,晴,5.0,-7.0,北风,微风
2023/12/31,通州,中国,晴,7.0,1.0,北风,微风
2023/12/31,仁化,中国,多云,23.0,9.0,无持续风向,微风
2023/12/31,浦北,中国,多云,25.0,16.0,东风,微风
2023/12/31,临泽,中国,多云,3.0,-10.0,无持续风向,微风
2023/12/31,淮滨,中国,晴,9.0,-1.0,东北风,微风
2023/12/31,津南,中国,晴,3.0,-7.0,北风,4~5级
2023/12/31,兴化,中国,晴,6.0,-2.0,北风,微风
2023/12/31,安化,中国,晴,14.0,4.0,东北风,微风
2023/12/31,辉南,中国,阵雪,-8.0,-21.0,西北风,微风
2023/12/31,得荣,中国,晴,15.0,-1.0,北风,微风
2023/12/31,沧源,中国,晴,21.0,6.0,无持续风向,微风
2023/12/31,文昌,中国,多云,25.0,18.0,无持续风向,微风
2023/12/31,番禺,中国,多云,26.0,16.0,无持续风向,微风
2023/12/31,安塞,中国,晴,3.0,-9.0,东北风,微风
2023/12/31,东平,中国,晴,6.0,-6.0,无持续风向,微风
2023/12/31,丰都,中国,多云,13.0,7.0,东北风,微风
2023/12/31,汉阴,中国,晴,13.0,2.0,东北风,微风
2023/12/31,商水县,中国,晴,9.0,-5.0,东北风,微风
2023/12/31,景县,中国,晴,5.0,-7.0,东北风,3~4级
2023/12/31,和平,中国,多云,25.0,11.0,无持续风向,微风
2023/12/31,连江,中国,多云,20.0,8.0,无持续风向,微风
2023/12/31,南宫,中国,晴,5.0,-7.0,北风,微风
2023/12/31,法库,中国,多云,-9.0,-19.0,北风,4~5级
2023/12/31,蒲江,中国,小雨,11.0,6.0,南风,微风
2023/12/31,杨凌,中国,晴,5.0,-1.0,西南风,微风
2023/12/31,泰州,中国,晴,5.0,-1.0,北风,微风
2023/12/31,谷城,中国,晴,11.0,0.0,无持续风向,微风
2023/12/31,凉城,中国,晴,-5.0,-16.0,西南风,3~4级
2023/12/31,徐州,中国,晴,7.0,-3.0,北风,微风
2023/12/31,宣汉,中国,多云,15.0,8.0,北风,微风
2023/12/31,石景山,中国,晴,6.0,-9.0,东北风,微风
2023/12/31,敦煌,中国,多云,3.0,-11.0,无持续风向,微风
2023/12/31,甘德,中国,晴,1.0,-20.0,无持续风向,微风
2023/12/31,南康,中国,多云,24.0,10.0,东北风,微风
2023/12/31,四会,中国,多云,24.0,14.0,无持续风向,微风
2023/12/31,温岭,中国,晴,15.0,4.0,东北风,5~6级
2023/12/31,陆川,中国,多云,26.0,16.0,东风,微风
2023/12/31,三江,中国,多云,19.0,10.0,北风,微风
2023/12/31,纳溪,中国,阴,12.0,8.0,南风,微风
2023/12/31,阳春,中国,多云,27.0,16.0,无持续风向,微风
2023/12/31,静海,中国,晴,4.0,-8.0,北风,4~5级
2023/12/31,伽师,中国,晴,4.0,-9.0,东北风,微风
2023/12/31,隆回,中国,晴,17.0,6.0,东北风,微风
2023/12/31,平阴,中国,多云,3.0,-6.0,无持续风向,微风
2023/12/31,龙川,中国,阵雨,25.0,12.0,无持续风向,微风
2023/12/31,富锦,中国,晴,-18.0,-26.0,东北风,微风
2023/12/31,成安,中国,晴,5.0,-7.0,北风,微风
2023/12/31,澄江,中国,晴,18.0,7.0,无持续风向,微风
2023/12/31,日土,中国,阴,-2.0,-14.0,南风,5~6级
2023/12/31,丹寨,中国,小雨,13.0,6.0,北风,微风
2023/12/31,普兰店,中国,多云,-4.0,-14.0,北风,6~7级
2023/12/31,资兴,中国,多云,20.0,9.0,北风,微风
2023/12/31,南宁城区,中国,多云,25.0,17.0,东风,微风
2023/12/31,台中,中国,多云,26.0,15.0,北风,3~4级
2023/12/31,宁河,中国,晴,3.0,-8.0,西北风,4~5级
2023/12/31,子洲,中国,晴,0.0,-8.0,东北风,微风
2023/12/31,漾濞,中国,晴,18.0,2.0,无持续风向,微风
2023/12/31,沛县,中国,晴,5.0,-3.0,北风,微风
2023/12/31,洪洞,中国,晴,7.0,-4.0,北风,微风
2023/12/31,阳城,中国,晴,6.0,-5.0,东南风,微风
2023/12/31,炎陵,中国,晴,21.0,8.0,东风,微风
2023/12/31,五莲,中国,晴,4.0,-6.0,无持续风向,微风
2023/12/31,阿拉尔,中国,晴,2.0,-12.0,北风,微风
2023/12/31,明光,中国,晴,9.0,-2.0,东北风,微风
2023/12/31,呼和浩特市郊区,中国,晴,-3.0,-13.0,西风,微风
2023/12/31,弋阳,中国,晴,18.0,5.0,北风,微风
2023/12/31,镇安,中国,晴,13.0,0.0,东北风,微风
2023/12/31,太白,中国,多云,7.0,-3.0,西南风,微风
2023/12/31,涿鹿,中国,晴,0.0,-10.0,西北风,3~4级
2023/12/31,福安,中国,多云,20.0,8.0,无持续风向,微风
2023/12/31,茶陵,中国,晴,20.0,8.0,东北风,微风
2023/12/31,庐江,中国,晴,11.0,0.0,东北风,3~4级
2023/12/31,郯城,中国,晴,7.0,-5.0,无持续风向,微风
2023/12/31,杭州,中国,晴,13.0,1.0,东北风,4~5级
2023/12/31,宝兴,中国,多云,14.0,4.0,北风,微风
2023/12/31,榆社,中国,晴,4.0,-12.0,东南风,微风
2023/12/31,泰和,中国,晴,20.0,7.0,西北风,微风
2023/12/31,茂县,中国,多云,12.0,0.0,南风,微风
2023/12/31,浦城,中国,晴,20.0,3.0,无持续风向,微风
2023/12/31,建宁,中国,晴,23.0,5.0,无持续风向,微风
2023/12/31,乐东,中国,多云,28.0,17.0,无持续风向,微风
2023/12/31,将乐,中国,晴,22.0,8.0,无持续风向,微风
2023/12/31,吴忠,中国,晴,3.0,-8.0,无持续风向,微风
2023/12/31,富民,中国,晴,19.0,1.0,无持续风向,微风
2023/12/31,宁晋,中国,晴,5.0,-6.0,北风,微风
2023/12/31,沾化,中国,晴,3.0,-9.0,无持续风向,微风
2023/12/31,陇县,中国,多云,5.0,-1.0,东北风,微风
2023/12/31,辽源,中国,晴,-9.0,-20.0,西北风,微风
2023/12/31,庄河,中国,多云,-4.0,-15.0,北风,6~7级
2023/12/31,怀仁,中国,晴,-2.0,-14.0,西南风,微风
2023/12/31,铁岭,中国,多云,-9.0,-19.0,北风,4~5级
2023/12/31,宁海,中国,晴,14.0,2.0,北风,5~6级
2023/12/31,台前县,中国,晴,5.0,-5.0,北风,微风
2023/12/31,土默特右旗,中国,晴,-4.0,-13.0,西南风,微风
2023/12/31,左贡,中国,晴,5.0,-12.0,无持续风向,微风
2023/12/31,永清,中国,晴,4.0,-10.0,北风,3~4级
2023/12/31,资溪,中国,晴,20.0,3.0,西风,微风
2023/12/31,临高,中国,多云,24.0,17.0,无持续风向,微风
2023/12/31,磁县,中国,晴,4.0,-7.0,北风,微风
2023/12/31,金堂,中国,阴,11.0,6.0,南风,微风
2023/12/31,博兴,中国,晴,4.0,-8.0,无持续风向,微风
2023/12/31,瑞丽,中国,晴,23.0,8.0,无持续风向,微风
2023/12/31,灌阳,中国,多云,20.0,10.0,北风,微风
2023/12/31,五大连池,中国,晴,-18.0,-26.0,西北风,3~4级
2023/12/31,高青,中国,晴,4.0,-7.0,无持续风向,微风
2023/12/31,合水,中国,晴,5.0,-5.0,无持续风向,微风
2023/12/31,都昌,中国,晴,15.0,3.0,北风,微风
2023/12/31,巴南,中国,阴,10.0,7.0,北风,微风
2023/12/31,许昌,中国,晴,8.0,-4.0,东北风,微风
2023/12/31,遵义,中国,小雨,10.0,6.0,东风,微风
2023/12/31,淇县,中国,晴,6.0,-5.0,东北风,微风
2023/12/31,武城,中国,晴,4.0,-8.0,无持续风向,微风
2023/12/31,西昌,中国,晴,19.0,5.0,北风,微风
2023/12/31,革吉,中国,多云,-2.0,-21.0,西风,6~7级
2023/12/31,大冶,中国,晴,15.0,0.0,无持续风向,微风
2023/12/31,佛冈,中国,多云,24.0,14.0,无持续风向,微风
2023/12/31,临汾,中国,晴,7.0,-3.0,东北风,微风
2023/12/31,苍南,中国,多云,19.0,3.0,东风,4~5级
2023/12/31,三原,中国,晴,6.0,-1.0,无持续风向,微风
2023/12/31,凭祥,中国,多云,23.0,17.0,东风,微风
2023/12/31,新宁,中国,晴,18.0,7.0,西北风,微风
2023/12/31,新野,中国,晴,10.0,-1.0,东风,微风
2023/12/31,丽水,中国,多云,17.0,3.0,北风,3~4级
2023/12/31,广丰,中国,晴,18.0,5.0,东风,微风
2023/12/31,静宁,中国,晴,7.0,-8.0,无持续风向,微风
2023/12/31,舞钢,中国,晴,8.0,-3.0,东北风,微风
2023/12/31,诏安,中国,晴,26.0,12.0,东风,3~4级
2023/12/31,阿坝,中国,晴,7.0,-11.0,北风,微风
2023/12/31,威海,中国,阴,0.0,-2.0,西北风,4~5级
2023/12/31,北仑,中国,多云,12.0,4.0,西北风,5~6级
2023/12/31,哈密,中国,多云,0.0,-11.0,东北风,微风
2023/12/31,沂南,中国,晴,5.0,-7.0,无持续风向,微风
2023/12/31,澜沧,中国,晴,24.0,8.0,无持续风向,微风
2023/12/31,兴安,中国,多云,19.0,11.0,北风,微风
2023/12/31,合阳,中国,晴,3.0,-4.0,东北风,微风
2023/12/31,鸡东,中国,多云,-13.0,-24.0,西北风,微风
2023/12/31,太原古交区,中国,晴,3.0,-11.0,东风,微风
2023/12/31,永仁,中国,晴,19.0,3.0,无持续风向,微风
2023/12/31,辽阳,中国,多云,-7.0,-19.0,北风,4~5级
2023/12/31,左云,中国,晴,-3.0,-16.0,南风,微风
2023/12/31,北票,中国,晴,-4.0,-15.0,北风,4~5级
2023/12/31,镇平,中国,晴,9.0,0.0,东北风,微风
2023/12/31,南涧,中国,晴,20.0,4.0,无持续风向,微风
2023/12/31,宿松,中国,晴,14.0,2.0,东北风,3~4级
2023/12/31,永新,中国,晴,20.0,6.0,南风,微风
2023/12/31,凌云,中国,多云,23.0,15.0,东南风,微风
2023/12/31,民权,中国,晴,7.0,-4.0,东北风,微风
2023/12/31,江川,中国,晴,18.0,4.0,无持续风向,微风
2023/12/31,河池,中国,多云,22.0,15.0,东南风,微风
2023/12/31,彭山,中国,阴,12.0,8.0,南风,微风
2023/12/31,金塔,中国,晴,3.0,-10.0,无持续风向,微风
2023/12/31,潼南,中国,多云,11.0,8.0,北风,微风
2023/12/31,大悟,中国,晴,11.0,0.0,无持续风向,微风
2023/12/31,玛曲,中国,晴,4.0,-16.0,无持续风向,微风
2023/12/31,商洛,中国,晴,11.0,-2.0,东北风,微风
2023/12/31,海淀,中国,晴,6.0,-8.0,北风,微风
2023/12/31,高雄,中国,晴,29.0,19.0,无持续风向,微风
2023/12/31,平潭,中国,晴,20.0,12.0,东北风,3~4级
2023/12/31,门源,中国,晴,3.0,-19.0,无持续风向,微风
2023/12/31,图里河,中国,多云,-16.0,-28.0,南风,微风
2023/12/31,枞阳,中国,晴,13.0,0.0,东北风,微风
2023/12/31,高安,中国,晴,18.0,4.0,东北风,微风
2023/12/31,巴彦,中国,晴,-15.0,-26.0,东北风,微风
2023/12/31,鹤山,中国,多云,26.0,16.0,无持续风向,微风
2023/12/31,休宁,中国,晴,14.0,0.0,东北风,微风
2023/12/31,镇雄,中国,多云,13.0,3.0,无持续风向,微风
2023/12/31,贵溪,中国,多云,18.0,5.0,南风,微风
2023/12/31,阿图什,中国,晴,3.0,-11.0,无持续风向,微风
2023/12/31,常宁,中国,多云,20.0,8.0,北风,微风
2023/12/31,如皋,中国,晴,6.0,0.0,北风,微风
2023/12/31,芮城,中国,晴,7.0,-2.0,东风,3~4级
2023/12/31,泾源,中国,晴,2.0,-6.0,无持续风向,微风
2023/12/31,上海,中国,晴,8.0,3.0,无持续风向,微风
2023/12/31,海力素,中国,晴,-1.0,-14.0,西南风,3~4级
2023/12/31,永善,中国,阴,14.0,8.0,无持续风向,微风
2023/12/31,狮泉河,中国,多云,-2.0,-15.0,西风,5~6级
2023/12/31,巴塘,中国,晴,14.0,-3.0,北风,微风
2023/12/31,托里,中国,多云,-2.0,-7.0,南风,微风
2023/12/31,措美,中国,多云,5.0,-10.0,西南风,5~6级
2023/12/31,阿城,中国,晴,-16.0,-26.0,东北风,微风
2023/12/31,黄岛区,中国,晴,4.0,-4.0,北风,4~5级
2023/12/31,武川,中国,晴,-5.0,-18.0,西风,微风
2023/12/31,临河,中国,晴,-3.0,-11.0,西南风,微风
2023/12/31,长宁,中国,阴,12.0,8.0,南风,微风
2023/12/31,彭泽,中国,晴,15.0,2.0,北风,3~4级
2023/12/31,巴青,中国,多云,-5.0,-13.0,东风,5~6级
2023/12/31,建瓯,中国,晴,22.0,8.0,无持续风向,微风
2023/12/31,洞口,中国,晴,17.0,7.0,东北风,微风
2023/12/31,张家川,中国,多云,8.0,-2.0,无持续风向,微风
2023/12/31,襄城,中国,晴,9.0,-4.0,东风,微风
2023/12/31,敦化,中国,阵雪,-8.0,-20.0,北风,微风
2023/12/31,金秀,中国,多云,21.0,12.0,东风,微风
2023/12/31,三都,中国,小雨,19.0,11.0,东南风,微风
2023/12/31,巩义市,中国,晴,8.0,-4.0,东风,微风
2023/12/31,突泉,中国,晴,-8.0,-15.0,西北风,3~4级
2023/12/31,永城,中国,晴,9.0,-3.0,东北风,微风
2023/12/31,沙河,中国,晴,6.0,-8.0,北风,微风
2023/12/31,越西,中国,晴,17.0,2.0,北风,微风
2023/12/31,金华,中国,多云,16.0,2.0,东北风,4~5级
2023/12/31,兴城,中国,晴,-2.0,-13.0,北风,4~5级
2023/12/31,盘锦,中国,多云,-6.0,-17.0,北风,4~5级
2023/12/31,定南,中国,多云,24.0,11.0,北风,微风
2023/12/31,荥经县,中国,小雨,14.0,5.0,北风,微风
2023/12/31,聊城,中国,晴,5.0,-7.0,无持续风向,微风
2023/12/31,运城,中国,晴,8.0,0.0,东风,微风
2023/12/31,吉隆,中国,阴,3.0,-16.0,南风,6~7级
2023/12/31,康马,中国,多云,2.0,-10.0,南风,5~6级
2023/12/31,平坝,中国,多云,15.0,9.0,南风,微风
2023/12/31,卢龙,中国,晴,1.0,-9.0,北风,3~4级
2023/12/31,九华,中国,晴,9.0,-4.0,东北风,微风
2023/12/31,灵台,中国,晴,7.0,-3.0,无持续风向,微风
2023/12/31,梅州,中国,多云,26.0,12.0,无持续风向,微风
2023/12/31,丰宁,中国,晴,-1.0,-14.0,北风,微风
2023/12/31,伊川县,中国,晴,9.0,-4.0,东南风,微风
2023/12/31,茌平,中国,晴,5.0,-7.0,无持续风向,微风
2023/12/31,永登,中国,晴,5.0,-10.0,无持续风向,微风
2023/12/31,六枝,中国,多云,17.0,9.0,东北风,微风
2023/12/31,焉耆,中国,晴,0.0,-14.0,南风,微风
2023/12/31,墨脱,中国,晴,16.0,5.0,无持续风向,微风
2023/12/31,黄岩岛,中国,多云,27.0,25.0,北风,4~5级
2023/12/31,永昌,中国,晴,2.0,-10.0,无持续风向,微风
2023/12/31,海晏,中国,晴,3.0,-22.0,无持续风向,微风
2023/12/31,双柏,中国,晴,16.0,6.0,无持续风向,微风
2023/12/31,临淄,中国,晴,3.0,-8.0,无持续风向,微风
2023/12/31,昌黎,中国,晴,1.0,-9.0,北风,3~4级
2023/12/31,余姚,中国,晴,11.0,2.0,西北风,4~5级
2023/12/31,吴起,中国,晴,6.0,-12.0,东北风,微风
2023/12/31,怀宁,中国,晴,12.0,1.0,东北风,3~4级
2023/12/31,攸县,中国,晴,21.0,7.0,东北风,微风
2023/12/31,桓仁,中国,阵雪,-3.0,-18.0,北风,3~4级
2023/12/31,五营,中国,晴,-17.0,-30.0,西北风,3~4级
2023/12/31,泸县,中国,阴,13.0,9.0,南风,微风
2023/12/31,曹妃甸,中国,晴,0.0,-7.0,东北风,4~5级
2023/12/31,巫山,中国,多云,13.0,5.0,东风,微风
2023/12/31,铜梁,中国,多云,10.0,8.0,东北风,微风
2023/12/31,马龙,中国,晴,16.0,3.0,无持续风向,微风
2023/12/31,宁远,中国,晴,23.0,10.0,东北风,微风
2023/12/31,海丰,中国,多云,28.0,14.0,无持续风向,微风
2023/12/31,永兴,中国,多云,20.0,9.0,北风,微风
2023/12/31,嵊州,中国,晴,12.0,0.0,北风,4~5级
2023/12/31,江津,中国,阴,12.0,9.0,东北风,微风
2023/12/31,化隆,中国,晴,5.0,-16.0,无持续风向,微风
2023/12/31,凤城,中国,晴,-5.0,-17.0,北风,5~6级
2023/12/31,五台山,中国,晴,1.0,-12.0,西南风,3~4级
2023/12/31,长安,中国,晴,4.0,-3.0,西南风,微风
2023/12/31,永定,中国,晴,25.0,11.0,无持续风向,微风
2023/12/31,汉沽,中国,晴,2.0,-4.0,无持续风向,微风
2023/12/31,阿拉善左旗,中国,晴,0.0,-9.0,西风,微风
2023/12/31,孟州市,中国,晴,9.0,-4.0,东风,微风
2023/12/31,新余,中国,多云,18.0,6.0,东南风,微风
2023/12/31,洛扎,中国,阴,6.0,-7.0,南风,5~6级
2023/12/31,漳浦,中国,晴,25.0,12.0,无持续风向,微风
2023/12/31,偏关,中国,晴,1.0,-15.0,东风,微风
2023/12/31,青龙山,中国,晴,-8.0,-16.0,北风,3~4级
2023/12/31,治多,中国,晴,0.0,-18.0,无持续风向,微风
2023/12/31,佛山,中国,阵雨,24.0,16.0,无持续风向,微风
2023/12/31,乐亭,中国,晴,1.0,-8.0,东北风,微风
2023/12/31,吉水,中国,晴,20.0,7.0,北风,微风
2023/12/31,壶关,中国,晴,4.0,-8.0,西北风,微风
2023/12/31,土默特左旗,中国,晴,-3.0,-14.0,西风,微风
2023/12/31,桑植,中国,小雨,16.0,6.0,东风,微风
2023/12/31,田阳,中国,多云,26.0,17.0,东南风,微风
2023/12/31,张家界,中国,晴,17.0,6.0,东风,微风
2023/12/31,安泽,中国,晴,3.0,-7.0,南风,微风
2023/12/31,城口,中国,多云,16.0,1.0,南风,微风
2023/12/31,贵南,中国,晴,6.0,-16.0,无持续风向,微风
2023/12/31,闵行,中国,晴,9.0,2.0,无持续风向,微风
2023/12/31,诸暨,中国,晴,13.0,1.0,东北风,4~5级
2023/12/31,萧山,中国,晴,12.0,1.0,北风,4~5级
2023/12/31,泌阳县,中国,晴,9.0,-2.0,东风,微风
2023/12/31,互助,中国,晴,6.0,-16.0,无持续风向,微风
2023/12/31,淳安,中国,晴,14.0,1.0,东北风,3~4级
2023/12/31,道真,中国,阴,11.0,7.0,东风,微风
2023/12/31,兴仁,中国,多云,18.0,10.0,东南风,微风
2023/12/31,安县,中国,小雨,10.0,6.0,南风,微风
2023/12/31,准格尔旗,中国,晴,-2.0,-13.0,南风,微风
2023/12/31,乌兰,中国,晴,3.0,-17.0,无持续风向,微风
2023/12/31,青阳,中国,晴,12.0,-1.0,东北风,微风
2023/12/31,易县,中国,晴,4.0,-10.0,东南风,微风
2023/12/31,青神,中国,阴,12.0,7.0,南风,微风
2023/12/31,蒙山,中国,多云,24.0,13.0,北风,微风
2023/12/31,察哈尔右翼前旗,中国,晴,-5.0,-18.0,西南风,3~4级
2023/12/31,山丹,中国,晴,1.0,-10.0,无持续风向,微风
2023/12/31,张家口,中国,晴,-2.0,-13.0,西北风,3~4级
2023/12/31,瓦房店,中国,多云,-6.0,-13.0,北风,6~7级
2023/12/31,莆田,中国,晴,23.0,11.0,无持续风向,微风
2023/12/31,南华,中国,雨夹雪,17.0,0.0,无持续风向,微风
2023/12/31,息县,中国,晴,9.0,-2.0,东北风,微风
2023/12/31,夏津,中国,晴,4.0,-7.0,无持续风向,微风
2023/12/31,新沂,中国,晴,6.0,-4.0,东北风,微风
2023/12/31,宁国,中国,晴,11.0,-2.0,北风,微风
2023/12/31,留坝,中国,多云,11.0,0.0,东北风,微风
2023/12/31,册亨,中国,多云,22.0,14.0,东南风,微风
2023/12/31,察布查尔,中国,晴,3.0,-5.0,东北风,微风
2023/12/31,烟台,中国,小雪,0.0,-4.0,北风,4~5级
2023/12/31,孟村,中国,晴,3.0,-7.0,东北风,3~4级
2023/12/31,宝过图,中国,晴,-7.0,-15.0,西北风,微风
2023/12/31,揭西,中国,阵雨,25.0,12.0,无持续风向,微风
2023/12/31,平邑,中国,晴,6.0,-6.0,无持续风向,微风
2023/12/31,临猗,中国,晴,7.0,-1.0,东风,微风
2023/12/31,达拉特旗,中国,晴,-4.0,-16.0,南风,微风
2023/12/31,来凤,中国,小雨,15.0,6.0,无持续风向,微风
2023/12/31,德令哈,中国,晴,2.0,-17.0,无持续风向,微风
2023/12/31,都匀,中国,小雨,13.0,6.0,东北风,微风
2023/12/31,康保,中国,晴,-9.0,-22.0,西北风,4~5级
2023/12/31,西充,中国,小雨,12.0,7.0,南风,微风
2023/12/31,绥中,中国,晴,0.0,-12.0,北风,4~5级
2023/12/31,大佘太,中国,晴,-4.0,-15.0,西南风,微风
2023/12/31,肥西,中国,晴,11.0,-3.0,东北风,微风
2023/12/31,犍为,中国,阴,11.0,9.0,南风,微风
2023/12/31,弥渡,中国,晴,17.0,4.0,无持续风向,微风
2023/12/31,夏河,中国,晴,8.0,-17.0,无持续风向,微风
2023/12/31,横峰,中国,晴,18.0,5.0,东北风,微风
2023/12/31,远安,中国,晴,14.0,0.0,无持续风向,微风
2023/12/31,汾西,中国,晴,1.0,-6.0,西北风,微风
2023/12/31,富顺,中国,阴,12.0,9.0,南风,微风
2023/12/31,绥芬河,中国,晴,-10.0,-22.0,东北风,3~4级
2023/12/31,屏边,中国,晴,19.0,11.0,无持续风向,微风
2023/12/31,安溪,中国,晴,26.0,11.0,东风,3~4级
2023/12/31,鱼台,中国,多云,8.0,-4.0,无持续风向,微风
2023/12/31,桐梓,中国,小雨,9.0,6.0,东风,微风
2023/12/31,白城,中国,晴,-10.0,-21.0,北风,微风
2023/12/31,固原,中国,晴,3.0,-8.0,无持续风向,微风
2023/12/31,营山,中国,小雨,11.0,8.0,南风,微风
2023/12/31,栖霞,中国,小雪,0.0,-6.0,北风,4~5级
2023/12/31,普兰,中国,多云,1.0,-10.0,东南风,5~6级
2023/12/31,共和,中国,晴,5.0,-13.0,无持续风向,微风
2023/12/31,湘乡,中国,阵雨,17.0,6.0,北风,微风
2023/12/31,工布江达,中国,阵雪,4.0,-8.0,无持续风向,微风
2023/12/31,清远,中国,多云,26.0,16.0,无持续风向,微风
2023/12/31,铁力,中国,晴,-14.0,-27.0,西北风,3~4级
2023/12/31,安宁,中国,晴,18.0,2.0,无持续风向,微风
2023/12/31,西乡,中国,多云,14.0,3.0,东北风,微风
2023/12/31,鹤峰,中国,多云,16.0,6.0,无持续风向,微风
2023/12/31,兖州,中国,多云,7.0,-6.0,无持续风向,微风
2023/12/31,广宗,中国,晴,5.0,-8.0,北风,微风
2023/12/31,邛崃,中国,小雨,11.0,6.0,南风,微风
2023/12/31,临潼,中国,晴,7.0,-1.0,东北风,微风
2023/12/31,丁青,中国,晴,-1.0,-12.0,无持续风向,微风
2023/12/31,天峨,中国,小雨,21.0,15.0,东南风,微风
2023/12/31,林州市,中国,晴,6.0,-3.0,东北风,微风
2023/12/31,威宁,中国,多云,13.0,4.0,南风,微风
2023/12/31,靖西,中国,多云,23.0,15.0,东南风,微风
2023/12/31,邳州,中国,晴,7.0,-4.0,东北风,微风
2023/12/31,兴义,中国,多云,19.0,11.0,东南风,微风
2023/12/31,卓尼,中国,晴,10.0,-14.0,无持续风向,微风
2023/12/31,宾阳,中国,多云,25.0,16.0,东风,微风
2023/12/31,上虞,中国,晴,12.0,1.0,北风,4~5级
2023/12/31,博乐,中国,多云,-2.0,-9.0,西北风,微风
2023/12/31,磐安,中国,晴,14.0,0.0,北风,3~4级
2023/12/31,神木,中国,晴,0.0,-10.0,东北风,微风
2023/12/31,三台,中国,阵雨,10.0,7.0,南风,微风
2023/12/31,怀来,中国,晴,0.0,-10.0,西北风,3~4级
2023/12/31,抚州,中国,晴,17.0,4.0,无持续风向,微风
2023/12/31,两当,中国,多云,10.0,2.0,无持续风向,微风
2023/12/31,建水,中国,晴,21.0,7.0,无持续风向,微风
2023/12/31,五峰,中国,晴,14.0,3.0,无持续风向,微风
2023/12/31,扶绥,中国,多云,25.0,17.0,东风,微风
2023/12/31,新化,中国,晴,17.0,6.0,北风,微风
2023/12/31,玉山,中国,晴,18.0,5.0,北风,微风
2023/12/31,舒兰,中国,晴,-11.0,-23.0,北风,微风
2023/12/31,武定,中国,晴,18.0,2.0,无持续风向,微风
2023/12/31,曲靖,中国,晴,18.0,4.0,无持续风向,微风
2023/12/31,全州,中国,多云,18.0,11.0,北风,微风
2023/12/31,高力板,中国,晴,-9.0,-16.0,西北风,3~4级
2023/12/31,云阳,中国,多云,15.0,8.0,东南风,微风
2023/12/31,宁化,中国,晴,23.0,6.0,无持续风向,微风
2023/12/31,镶黄旗,中国,多云,-7.0,-15.0,西南风,4~5级
2023/12/31,尚志,中国,晴,-13.0,-25.0,东北风,微风
2023/12/31,武功,中国,晴,5.0,-1.0,西南风,微风
2023/12/31,太和,中国,晴,9.0,-3.0,东北风,微风
2023/12/31,新林,中国,阴,-20.0,-34.0,西南风,微风
2023/12/31,安阳市,中国,晴,5.0,-4.0,东北风,微风
2023/12/31,宾川,中国,晴,20.0,4.0,无持续风向,微风
2023/12/31,紫阳,中国,多云,12.0,2.0,东北风,微风
2023/12/31,墨竹贡卡,中国,晴,7.0,-10.0,无持续风向,微风
2023/12/31,青田,中国,晴,18.0,3.0,西北风,3~4级
2023/12/31,滦县,中国,晴,2.0,-9.0,东北风,微风
2023/12/31,正兰旗,中国,多云,-10.0,-16.0,西南风,4~5级
2023/12/31,琼中,中国,小雨,23.0,15.0,无持续风向,微风
2023/12/31,开平,中国,多云,26.0,16.0,无持续风向,微风
2023/12/31,雅安,中国,小雨,13.0,7.0,无持续风向,微风
2023/12/31,安达,中国,晴,-13.0,-21.0,北风,微风
2023/12/31,婺源,中国,晴,16.0,3.0,北风,微风
2023/12/31,基隆,中国,阴,22.0,15.0,东北风,3~4级
2023/12/31,江华,中国,晴,21.0,11.0,北风,微风
2023/12/31,五河,中国,晴,8.0,-4.0,东北风,微风
2023/12/31,如东,中国,晴,5.0,1.0,北风,3~4级
2023/12/31,鄂温克旗,中国,多云,-14.0,-24.0,南风,微风
2023/12/31,句容,中国,晴,8.0,-1.0,北风,微风
2023/12/31,恩施,中国,晴,15.0,7.0,无持续风向,微风
2023/12/31,西峰,中国,晴,5.0,-2.0,无持续风向,微风
2023/12/31,绵竹,中国,小雨,11.0,6.0,南风,微风
2023/12/31,平鲁,中国,晴,-3.0,-14.0,东南风,微风
2023/12/31,琼结,中国,晴,6.0,-7.0,无持续风向,微风
2023/12/31,凤山,中国,多云,22.0,15.0,东南风,微风
2023/12/31,浩尔吐,中国,晴,-7.0,-16.0,西北风,微风
2023/12/31,潢川,中国,晴,10.0,-1.0,东北风,微风
2023/12/31,周至,中国,晴,6.0,-1.0,西南风,微风
2023/12/31,南丰,中国,晴,22.0,4.0,西风,微风
2023/12/31,方山,中国,晴,2.0,-11.0,西风,微风
2023/12/31,常州,中国,晴,9.0,-1.0,北风,3~4级
2023/12/31,马边,中国,小雨,14.0,8.0,南风,微风
2023/12/31,漳平,中国,晴,24.0,11.0,无持续风向,微风
2023/12/31,若尔盖,中国,晴,4.0,-10.0,北风,微风
2023/12/31,浪卡子,中国,多云,0.0,-10.0,无持续风向,微风
2023/12/31,皋兰,中国,晴,6.0,-16.0,无持续风向,微风
2023/12/31,华坪,中国,晴,22.0,4.0,无持续风向,微风
2023/12/31,蒙城,中国,晴,9.0,-3.0,东北风,微风
2023/12/31,厦门,中国,晴,25.0,13.0,东风,4~5级
2023/12/31,喜德,中国,晴,16.0,3.0,北风,微风
2023/12/31,苏尼特右旗,中国,多云,-5.0,-13.0,西南风,4~5级
2023/12/31,白朗,中国,多云,5.0,-9.0,无持续风向,微风
2023/12/31,台儿庄,中国,晴,8.0,-6.0,无持续风向,微风
2023/12/31,新巴尔虎左旗,中国,多云,-16.0,-20.0,南风,4~5级
2023/12/31,海口,中国,多云,23.0,17.0,东风,3~4级
2023/12/31,东光,中国,晴,5.0,-6.0,东北风,3~4级
2023/12/31,奈曼旗,中国,晴,-8.0,-15.0,北风,3~4级
2023/12/31,景谷,中国,晴,23.0,8.0,无持续风向,微风
2023/12/31,师宗,中国,晴,17.0,3.0,西南风,3~4级
2023/12/31,岫岩,中国,多云,-5.0,-19.0,东南风,5~6级
2023/12/31,内邱,中国,晴,4.0,-7.0,北风,微风
2023/12/31,平江,中国,晴,19.0,4.0,东风,微风
2023/12/31,阜平,中国,晴,6.0,-7.0,东南风,微风
2023/12/31,湖口,中国,晴,13.0,2.0,北风,微风
2023/12/31,泗洪,中国,晴,6.0,-4.0,北风,微风
2023/12/31,新蔡县,中国,晴,9.0,-2.0,东北风,微风
2023/12/31,德清,中国,晴,11.0,0.0,东北风,4~5级
2023/12/31,林周,中国,多云,7.0,-14.0,无持续风向,微风
2023/12/31,肃南,中国,晴,1.0,-13.0,无持续风向,微风
2023/12/31,都兰,中国,晴,2.0,-17.0,无持续风向,微风
2023/12/31,穆棱,中国,晴,-11.0,-27.0,东北风,3~4级
2023/12/31,营口,中国,多云,-6.0,-17.0,北风,5~6级
2023/12/31,长阳,中国,晴,14.0,3.0,无持续风向,微风
2023/12/31,莎车,中国,晴,4.0,-9.0,西北风,微风
2023/12/31,贵港,中国,多云,26.0,17.0,东风,微风
2023/12/31,常熟,中国,晴,9.0,0.0,北风,微风
2023/12/31,围场,中国,多云,-4.0,-17.0,西北风,微风
2023/12/31,耿马,中国,晴,22.0,6.0,无持续风向,微风
2023/12/31,池州,中国,晴,11.0,0.0,东北风,3~4级
2023/12/31,海城,中国,阵雪,-6.0,-19.0,南风,5~6级
2023/12/31,绵阳,中国,小雨,12.0,7.0,南风,微风
2023/12/31,武鸣,中国,多云,25.0,17.0,东风,微风
2023/12/31,萝北,中国,晴,-17.0,-25.0,西北风,微风
2023/12/31,汶上,中国,多云,6.0,-7.0,无持续风向,微风
2023/12/31,临湘,中国,晴,15.0,4.0,东北风,微风
2023/12/31,唐山,中国,晴,2.0,-10.0,东北风,微风
2023/12/31,富县,中国,晴,6.0,-8.0,东北风,微风
2023/12/31,舞阳县,中国,晴,9.0,-4.0,东风,微风
2023/12/31,和硕,中国,晴,1.0,-12.0,西南风,微风
2023/12/31,黄山风景区,中国,晴,4.0,-2.0,东北风,3~4级
2023/12/31,额尔古纳,中国,多云,-17.0,-25.0,南风,微风
2023/12/31,峨眉山,中国,小雪,6.0,-3.0,北风,微风
2023/12/31,关岭,中国,多云,17.0,11.0,南风,微风
2023/12/31,长子,中国,晴,4.0,-8.0,东风,微风
2023/12/31,察雅,中国,晴,9.0,-6.0,无持续风向,微风
2023/12/31,秀屿港,中国,晴,22.0,11.0,东北风,4~5级
2023/12/31,陇西,中国,多云,7.0,-9.0,无持续风向,微风
2023/12/31,闽清,中国,多云,22.0,8.0,无持续风向,微风
2023/12/31,唐海,中国,晴,1.0,-8.0,东北风,微风
2023/12/31,奉贤,中国,晴,9.0,3.0,无持续风向,微风
2023/12/31,乳山,中国,阴,1.0,-6.0,西北风,4~5级
2023/12/31,高州,中国,多云,26.0,15.0,无持续风向,微风
2023/12/31,龙泉驿,中国,阴,11.0,6.0,南风,微风
2023/12/31,万载,中国,晴,18.0,3.0,南风,微风
2023/12/31,恭城,中国,多云,23.0,13.0,北风,微风
2023/12/31,武宁,中国,晴,15.0,2.0,北风,微风
2023/12/31,淮阳县,中国,晴,8.0,-4.0,东北风,微风
2023/12/31,故城,中国,阵雪,5.0,-7.0,东北风,微风
2023/12/31,磴口,中国,晴,0.0,-9.0,西南风,微风
2023/12/31,丰镇,中国,晴,-5.0,-16.0,西南风,3~4级
2023/12/31,吉木乃,中国,阵雪,-6.0,-10.0,东南风,3~4级
2023/12/31,多伦,中国,多云,-10.0,-18.0,西南风,4~5级
2023/12/31,安远,中国,多云,23.0,10.0,北风,微风
2023/12/31,寻甸,中国,晴,18.0,2.0,无持续风向,微风
2023/12/31,呈贡,中国,晴,16.0,7.0,无持续风向,微风
2023/12/31,昌江,中国,多云,29.0,18.0,无持续风向,微风
2023/12/31,右玉,中国,晴,-4.0,-21.0,东南风,微风
2023/12/31,会昌,中国,多云,24.0,10.0,西风,微风
2023/12/31,大兴,中国,晴,5.0,-9.0,东北风,微风
2023/12/31,新民,中国,多云,-8.0,-19.0,北风,4~5级
2023/12/31,天峻,中国,晴,2.0,-19.0,无持续风向,微风
2023/12/31,龙海,中国,晴,26.0,12.0,东风,3~4级
2023/12/31,旬邑,中国,晴,6.0,-4.0,东北风,微风
2023/12/31,仙桃,中国,晴,14.0,2.0,无持续风向,微风
2023/12/31,五台县豆村,中国,晴,3.0,-14.0,南风,微风
2023/12/31,湘阴,中国,晴,17.0,5.0,北风,微风
2023/12/31,漠河,中国,阴,-22.0,-35.0,东南风,微风
2023/12/31,剑阁,中国,小雨,12.0,4.0,南风,微风
2023/12/31,沽源,中国,晴,-8.0,-21.0,西北风,4~5级
2023/12/31,麻栗坡,中国,多云,19.0,12.0,无持续风向,微风
2023/12/31,梅河口,中国,阵雪,-8.0,-20.0,西北风,微风
2023/12/31,德昌,中国,晴,20.0,6.0,北风,微风
2023/12/31,福山,中国,小雪,1.0,-6.0,北风,4~5级
2023/12/31,雅布赖,中国,晴,0.0,-14.0,西风,微风
2023/12/31,武汉,中国,晴,14.0,0.0,无持续风向,微风
2023/12/31,四子王旗,中国,晴,-4.0,-18.0,西南风,3~4级
2023/12/31,会泽,中国,晴,15.0,1.0,无持续风向,微风
2023/12/31,兴县,中国,晴,-2.0,-11.0,东风,微风
2023/12/31,田东,中国,多云,26.0,17.0,东南风,微风
2023/12/31,苍溪,中国,小雨,12.0,6.0,南风,微风
2023/12/31,蒲县,中国,晴,5.0,-7.0,东南风,微风
2023/12/31,新郑市,中国,晴,9.0,-3.0,东北风,微风
2023/12/31,郧西,中国,晴,11.0,1.0,无持续风向,微风
2023/12/31,龙井,中国,阵雪,-3.0,-18.0,西北风,微风
2023/12/31,广灵,中国,晴,-3.0,-18.0,西南风,微风
2023/12/31,喀左,中国,晴,-2.0,-15.0,北风,4~5级
2023/12/31,嘉荫,中国,晴,-22.0,-33.0,西北风,3~4级
2023/12/31,舟曲,中国,晴,13.0,-3.0,无持续风向,微风
2023/12/31,辉县市,中国,晴,8.0,-5.0,东北风,微风
2023/12/31,九江,中国,晴,13.0,2.0,北风,微风
2023/12/31,敖汉旗,中国,晴,-7.0,-17.0,西北风,微风
2023/12/31,黟县,中国,晴,14.0,-2.0,东北风,微风
2023/12/31,平罗,中国,晴,3.0,-11.0,无持续风向,微风
2023/12/31,南和,中国,晴,5.0,-6.0,北风,微风
2023/12/31,铜川,中国,晴,5.0,-3.0,东北风,微风
2023/12/31,葫芦岛,中国,晴,-2.0,-13.0,北风,4~5级
2023/12/31,淳化,中国,晴,5.0,-4.0,东北风,微风
2023/12/31,南郑,中国,多云,9.0,3.0,西南风,微风
2023/12/31,中江,中国,阴,12.0,7.0,南风,微风
2023/12/31,望江,中国,晴,12.0,1.0,东北风,3~4级
2023/12/31,抚顺,中国,多云,-7.0,-20.0,北风,4~5级
2023/12/31,宜良,中国,晴,19.0,6.0,无持续风向,微风
2023/12/31,锡林浩特,中国,多云,-11.0,-16.0,西南风,4~5级
2023/12/31,会东,中国,晴,19.0,3.0,北风,微风
2023/12/31,肇东,中国,晴,-14.0,-23.0,北风,微风
2023/12/31,隆林,中国,多云,22.0,14.0,东南风,微风
2023/12/31,吐鲁番,中国,晴,0.0,-8.0,南风,微风
2023/12/31,青州,中国,多云,3.0,-7.0,无持续风向,微风
2023/12/31,广德,中国,晴,11.0,-1.0,西北风,微风
2023/12/31,宜阳县,中国,晴,9.0,-3.0,东风,微风
2023/12/31,五常,中国,晴,-14.0,-23.0,东北风,微风
2023/12/31,桃源,中国,晴,16.0,6.0,北风,微风
2023/12/31,安定,中国,晴,6.0,-11.0,无持续风向,微风
2023/12/31,济源,中国,晴,8.0,-4.0,东风,微风
2023/12/31,伊宁县,中国,晴,3.0,-5.0,东风,微风
2023/12/31,原平,中国,晴,1.0,-11.0,北风,微风
2023/12/31,清水河,中国,晴,-2.0,-14.0,西风,微风
2023/12/31,白杨沟,中国,晴,-3.0,-11.0,南风,微风
2023/12/31,永安,中国,晴,23.0,9.0,无持续风向,微风
2023/12/31,通江,中国,小雨,15.0,7.0,南风,微风
2023/12/31,梁河,中国,晴,21.0,4.0,无持续风向,微风
2023/12/31,和顺,中国,晴,4.0,-12.0,南风,微风
2023/12/31,精河,中国,多云,-4.0,-7.0,南风,微风
2023/12/31,上犹,中国,多云,24.0,10.0,北风,微风
2023/12/31,大同,中国,晴,-2.0,-19.0,西风,微风
2023/12/31,璧山,中国,阴,12.0,8.0,北风,微风
2023/12/31,察哈尔右翼中旗,中国,晴,-5.0,-17.0,西南风,3~4级
2023/12/31,东丰,中国,阵雪,-9.0,-26.0,西北风,微风
2023/12/31,竹溪,中国,晴,13.0,2.0,无持续风向,微风
2023/12/31,逊克,中国,晴,-20.0,-28.0,西北风,3~4级
2023/12/31,浠水,中国,晴,15.0,0.0,无持续风向,微风
2023/12/31,潮阳,中国,多云,22.0,14.0,无持续风向,微风
2023/12/31,麦积,中国,多云,10.0,0.0,无持续风向,微风
2023/12/31,双鸭山,中国,晴,-15.0,-24.0,西北风,微风
2023/12/31,双江,中国,晴,23.0,7.0,无持续风向,微风
2023/12/31,拉孜,中国,多云,5.0,-7.0,无持续风向,微风
2023/12/31,泸西,中国,晴,19.0,4.0,无持续风向,微风
2023/12/31,慈溪,中国,晴,11.0,3.0,西北风,4~5级
2023/12/31,罗城,中国,多云,20.0,13.0,东南风,微风
2023/12/31,罗甸,中国,小雨,21.0,14.0,东南风,微风
2023/12/31,东川,中国,晴,23.0,9.0,无持续风向,微风
2023/12/31,方正,中国,晴,-14.0,-27.0,东北风,微风
2023/12/31,江宁,中国,晴,8.0,-1.0,北风,微风
2023/12/31,房山,中国,晴,5.0,-9.0,东风,微风
2023/12/31,阿鲁科尔沁旗,中国,晴,-6.0,-14.0,西北风,微风
2023/12/31,邹城,中国,多云,7.0,-5.0,无持续风向,微风
2023/12/31,札达,中国,多云,2.0,-12.0,北风,5~6级
2023/12/31,东乡,中国,晴,6.0,-8.0,无持续风向,微风
2023/12/31,惠来,中国,多云,24.0,13.0,无持续风向,微风
2023/12/31,临清,中国,晴,4.0,-7.0,无持续风向,微风
2023/12/31,新源,中国,晴,0.0,-4.0,东风,微风
2023/12/31,灵璧,中国,晴,9.0,-4.0,北风,微风
2023/12/31,阿克苏,中国,阴,30.0,17.0,无持续风向,微风
2023/12/31,大姚,中国,晴,17.0,2.0,无持续风向,微风
2023/12/31,抚远,中国,晴,-18.0,-32.0,东北风,微风
2023/12/31,大方,中国,阴,15.0,5.0,东南风,微风
2023/12/31,西吉,中国,晴,5.0,-11.0,无持续风向,微风
2023/12/31,若羌,中国,晴,1.0,-12.0,西风,微风
2023/12/31,巫溪,中国,多云,15.0,5.0,东风,微风
2023/12/31,绥阳,中国,小雨,11.0,5.0,东风,微风
2023/12/31,斗门,中国,多云,26.0,17.0,无持续风向,微风
2023/12/31,高阳,中国,晴,5.0,-8.0,东风,微风
2023/12/31,嘉兴,中国,晴,10.0,1.0,北风,4~5级
2023/12/31,乐都,中国,晴,6.0,-9.0,东风,3~4级
2023/12/31,石柱,中国,多云,15.0,6.0,东南风,微风
2023/12/31,淮北,中国,晴,9.0,-3.0,北风,微风
2023/12/31,杂多,中国,多云,0.0,-18.0,无持续风向,微风
2023/12/31,汕尾,中国,多云,26.0,14.0,无持续风向,微风
2023/12/31,宁波,中国,晴,12.0,3.0,西北风,5~6级
2023/12/31,遂平县,中国,晴,9.0,-4.0,东北风,微风
2023/12/31,薛城,中国,晴,8.0,-4.0,无持续风向,微风
2023/12/31,芦溪,中国,多云,18.0,6.0,西风,微风
2023/12/31,科尔沁左翼中旗,中国,晴,-11.0,-18.0,北风,3~4级
2023/12/31,康平,中国,多云,-9.0,-19.0,北风,4~5级
2023/12/31,韶山,中国,多云,17.0,6.0,北风,微风
2023/12/31,和林格尔,中国,晴,-3.0,-15.0,西风,微风
2023/12/31,泸水,中国,晴,22.0,9.0,无持续风向,微风
2023/12/31,高唐,中国,晴,4.0,-7.0,无持续风向,微风
2023/12/31,龙南,中国,多云,23.0,10.0,东北风,微风
2023/12/31,通榆,中国,晴,-12.0,-22.0,北风,微风
2023/12/31,哈尔滨,中国,晴,-14.0,-25.0,东北风,微风
2023/12/31,任县,中国,晴,6.0,-7.0,北风,微风
2023/12/31,吴堡,中国,晴,0.0,-6.0,东北风,微风
2023/12/31,镇海,中国,晴,12.0,4.0,西北风,5~6级
2023/12/31,新晃,中国,多云,16.0,6.0,东北风,微风
2023/12/31,石棉,中国,晴,19.0,7.0,北风,微风
2023/12/31,蓟县,中国,晴,3.0,-10.0,西北风,4~5级
2023/12/31,根河,中国,多云,-17.0,-25.0,南风,微风
2023/12/31,蔚县,中国,晴,-5.0,-20.0,西北风,3~4级
2023/12/31,尉犁,中国,晴,1.0,-12.0,东南风,微风
2023/12/31,芜湖县,中国,晴,11.0,-1.0,东北风,微风
2023/12/31,镇原,中国,晴,3.0,-1.0,无持续风向,微风
2023/12/31,丰南,中国,晴,2.0,-9.0,东北风,微风
2023/12/31,卢氏,中国,晴,10.0,-4.0,东北风,微风
2023/12/31,黄龙,中国,晴,6.0,-5.0,东北风,微风
2023/12/31,仙居,中国,多云,14.0,1.0,东北风,3~4级
2023/12/31,长顺,中国,小雨,16.0,10.0,南风,微风
2023/12/31,南陵,中国,晴,11.0,-2.0,东北风,微风
2023/12/31,榕江,中国,小雨,18.0,11.0,北风,微风
2023/12/31,西和,中国,晴,9.0,-3.0,无持续风向,微风
2023/12/31,筠连,中国,阴,14.0,8.0,北风,微风
2023/12/31,佳县,中国,晴,-1.0,-8.0,西南风,微风
2023/12/31,保定,中国,晴,5.0,-10.0,东南风,微风
2023/12/31,木垒,中国,晴,-3.0,-10.0,南风,微风
2023/12/31,江口,中国,小雨,10.0,5.0,东北风,微风
2023/12/31,扬州,中国,晴,7.0,-2.0,北风,微风
2023/12/31,临沧,中国,晴,20.0,4.0,无持续风向,微风
2023/12/31,荣县,中国,阴,13.0,8.0,南风,微风
2023/12/31,赤城,中国,晴,-2.0,-15.0,西北风,3~4级
2023/12/31,长丰,中国,晴,9.0,-3.0,东北风,微风
2023/12/31,鹤庆,中国,雨夹雪,15.0,-1.0,无持续风向,微风
2023/12/31,西沙永兴岛,中国,小雨,26.0,23.0,东北风,4~5级
2023/12/31,阜新,中国,晴,-6.0,-21.0,北风,4~5级
2023/12/31,平利,中国,多云,13.0,0.0,东北风,微风
2023/12/31,长武,中国,多云,4.0,-2.0,无持续风向,微风
2023/12/31,化德,中国,晴,-7.0,-17.0,西南风,3~4级
2023/12/31,平乐,中国,多云,23.0,12.0,北风,微风
2023/12/31,贵德,中国,晴,9.0,-7.0,无持续风向,微风
2023/12/31,阳谷,中国,晴,6.0,-6.0,无持续风向,微风
2023/12/31,衡阳县,中国,多云,20.0,7.0,北风,微风
2023/12/31,郏县,中国,晴,8.0,-2.0,东北风,微风
2023/12/31,利津,中国,多云,3.0,-7.0,无持续风向,微风
2023/12/31,米易,中国,晴,23.0,6.0,北风,微风
2023/12/31,安庆,中国,晴,11.0,0.0,东北风,3~4级
2023/12/31,嵩明,中国,晴,18.0,2.0,无持续风向,微风
2023/12/31,崂山,中国,晴,3.0,-6.0,北风,5~6级
2023/12/31,华安,中国,多云,25.0,12.0,无持续风向,微风
2023/12/31,项城市,中国,晴,9.0,-4.0,东北风,微风
2023/12/31,泾川,中国,晴,7.0,-3.0,无持续风向,微风
2023/12/31,界首,中国,晴,9.0,-3.0,东北风,3~4级
2023/12/31,南沙,中国,雷阵雨,28.0,26.0,东北风,3~4级
2023/12/31,荆州,中国,晴,13.0,2.0,无持续风向,微风
2023/12/31,蚌埠,中国,晴,9.0,-3.0,东北风,微风
2023/12/31,新泰,中国,晴,5.0,-7.0,无持续风向,微风
2023/12/31,苏州,中国,晴,9.0,0.0,北风,微风
2023/12/31,索县,中国,多云,0.0,-14.0,西风,5~6级
2023/12/31,文登,中国,阴,0.0,-3.0,西北风,4~5级
2023/12/31,丹巴,中国,晴,14.0,-2.0,北风,微风
2023/12/31,普格,中国,晴,19.0,6.0,北风,微风
2023/12/31,桦川,中国,晴,-15.0,-25.0,东北风,微风
2023/12/31,阳江,中国,多云,26.0,17.0,无持续风向,微风
2023/12/31,满城,中国,晴,5.0,-7.0,东南风,微风
2023/12/31,商丘,中国,晴,8.0,-4.0,东北风,微风
2023/12/31,枣庄,中国,晴,8.0,-5.0,无持续风向,微风
2023/12/31,望城区,中国,晴,16.0,6.0,西北风,微风
2023/12/31,沁水,中国,晴,6.0,-6.0,东南风,3~4级
2023/12/31,丽江,中国,多云,14.0,-1.0,无持续风向,微风
2023/12/31,天津,中国,晴,4.0,-4.0,西北风,4~5级
2023/12/31,全椒,中国,晴,10.0,-2.0,北风,微风
2023/12/31,阆中,中国,小雨,12.0,7.0,南风,微风
2023/12/31,南平,中国,晴,22.0,10.0,无持续风向,微风
2023/12/31,藤县,中国,多云,25.0,15.0,北风,微风
2023/12/31,兰坪,中国,晴,14.0,-3.0,无持续风向,微风
2023/12/31,秀山,中国,小雨,13.0,5.0,东风,微风
2023/12/31,姜堰,中国,晴,6.0,-1.0,北风,微风
2023/12/31,阜阳,中国,晴,10.0,-3.0,东北风,3~4级
2023/12/31,楚州,中国,晴,7.0,-3.0,北风,3~4级
2023/12/31,峨边,中国,小雨,14.0,7.0,北风,微风
2023/12/31,城固,中国,多云,12.0,4.0,东北风,微风
2023/12/31,白玉,中国,晴,10.0,-9.0,北风,微风
2023/12/31,讷河,中国,晴,-16.0,-24.0,南风,微风
2023/12/31,城步,中国,多云,18.0,8.0,东北风,微风
2023/12/31,武平,中国,晴,25.0,10.0,无持续风向,微风
2023/12/31,靖远,中国,晴,4.0,-11.0,无持续风向,微风
2023/12/31,新会,中国,晴,26.0,17.0,无持续风向,微风
2023/12/31,旺苍,中国,小雨,13.0,5.0,北风,微风
2023/12/31,苏州,中国,晴,8.0,0.0,无持续风向,微风
2023/12/31,温泉,中国,晴,-4.0,-14.0,西风,微风
2023/12/31,缙云,中国,多云,15.0,1.0,北风,3~4级
2023/12/31,龙陵,中国,晴,17.0,4.0,无持续风向,微风
2023/12/31,千阳,中国,多云,4.0,-3.0,东北风,微风
2023/12/31,樟木,中国,晴,17.0,1.0,无持续风向,微风
2023/12/31,赤水,中国,阴,12.0,8.0,东风,微风
2023/12/31,滨海,中国,晴,5.0,-2.0,北风,微风
2023/12/31,福州,中国,多云,21.0,10.0,无持续风向,微风
2023/12/31,祁连,中国,晴,1.0,-18.0,无持续风向,微风
2023/12/31,清涧,中国,晴,2.0,-9.0,东北风,微风
2023/12/31,九寨沟,中国,晴,13.0,1.0,南风,微风
2023/12/31,商南,中国,晴,11.0,-2.0,东北风,微风
2023/12/31,蛟河,中国,阵雪,-8.0,-22.0,北风,微风
2023/12/31,分宜,中国,多云,18.0,5.0,南风,微风
2023/12/31,喀什,中国,晴,3.0,-8.0,北风,微风
2023/12/31,帕里,中国,阴,0.0,-13.0,南风,5~6级
2023/12/31,太原南郊,中国,晴,5.0,-10.0,北风,微风
2023/12/31,高台,中国,多云,3.0,-9.0,无持续风向,微风
2023/12/31,东台,中国,晴,6.0,-1.0,北风,微风
2023/12/31,双阳,中国,多云,-10.0,-18.0,北风,微风
2023/12/31,晋州,中国,晴,4.0,-6.0,南风,微风
2023/12/31,福鼎,中国,多云,20.0,5.0,无持续风向,微风
2023/12/31,石泉,中国,多云,14.0,3.0,东北风,微风
2023/12/31,班玛,中国,晴,5.0,-15.0,无持续风向,微风
2023/12/31,武冈,中国,晴,18.0,8.0,东北风,微风
2023/12/31,丹阳,中国,晴,8.0,0.0,北风,微风
2023/12/31,武隆,中国,阴,14.0,6.0,东风,微风
2023/12/31,宁武,中国,晴,0.0,-11.0,东风,微风
2023/12/31,刚察,中国,晴,0.0,-14.0,无持续风向,微风
2023/12/31,东营,中国,多云,3.0,-7.0,无持续风向,微风
2023/12/31,新河,中国,晴,4.0,-9.0,北风,微风
2023/12/31,安新,中国,晴,5.0,-9.0,东北风,微风
2023/12/31,浦江,中国,晴,14.0,0.0,东北风,3~4级
2023/12/31,碌曲,中国,晴,7.0,-17.0,无持续风向,微风
2023/12/31,希拉穆仁,中国,晴,-2.0,-20.0,西南风,3~4级
2023/12/31,巢湖,中国,晴,10.0,-1.0,东北风,微风
2023/12/31,海原,中国,晴,3.0,-7.0,无持续风向,微风
2023/12/31,邱县,中国,晴,5.0,-7.0,北风,微风
2023/12/31,嵩县,中国,晴,7.0,-2.0,东北风,微风
2023/12/31,松江,中国,晴,9.0,2.0,无持续风向,微风
2023/12/31,和静,中国,晴,0.0,-10.0,西南风,微风
2023/12/31,仲巴,中国,阴,0.0,-20.0,西风,6~7级
2023/12/31,高要,中国,多云,25.0,15.0,无持续风向,微风
2023/12/31,屏山,中国,阴,13.0,8.0,南风,微风
2023/12/31,广安,中国,小雨,11.0,8.0,南风,微风
2023/12/31,南江,中国,小雨,13.0,6.0,南风,微风
2023/12/31,登封市,中国,晴,7.0,-4.0,东风,微风
2023/12/31,达日,中国,晴,1.0,-18.0,无持续风向,微风
2023/12/31,宁阳,中国,晴,6.0,-6.0,无持续风向,微风
2023/12/31,晋江,中国,晴,24.0,11.0,东北风,3~4级
2023/12/31,涞源,中国,晴,2.0,-12.0,南风,微风
2023/12/31,毕节,中国,多云,16.0,4.0,东南风,微风
2023/12/31,京山,中国,晴,13.0,1.0,无持续风向,微风
2023/12/31,双湖,中国,多云,-6.0,-20.0,西北风,6~7级
2023/12/31,宁强,中国,多云,10.0,1.0,无持续风向,微风
2023/12/31,涪陵,中国,多云,11.0,8.0,西风,微风
2023/12/31,上思,中国,多云,26.0,15.0,东南风,微风
2023/12/31,鲁甸,中国,晴,17.0,1.0,无持续风向,微风
2023/12/31,呼和浩特,中国,晴,-3.0,-13.0,西风,微风
2023/12/31,盱眙,中国,晴,7.0,-3.0,北风,3~4级
2023/12/31,仪陇,中国,小雨,11.0,7.0,南风,微风
2023/12/31,三峡,中国,晴,15.0,4.0,无持续风向,微风
2023/12/31,白水,中国,晴,5.0,-2.0,东北风,微风
2023/12/31,仁怀,中国,阴,11.0,7.0,东风,微风
2023/12/31,克什克腾旗,中国,晴,-10.0,-18.0,西北风,微风
2023/12/31,甘南,中国,晴,-15.0,-18.0,南风,微风
2023/12/31,上杭,中国,晴,25.0,9.0,无持续风向,微风
2023/12/31,习水,中国,阴,10.0,4.0,东南风,微风
2023/12/31,云梦,中国,晴,13.0,1.0,无持续风向,微风
2023/12/31,临漳,中国,晴,5.0,-7.0,北风,微风
2023/12/31,南充,中国,小雨,11.0,8.0,南风,微风
2023/12/31,克拉玛依,中国,晴,-6.0,-10.0,南风,微风
2023/12/31,仙游,中国,晴,24.0,11.0,无持续风向,微风
2023/12/31,丰润,中国,晴,2.0,-9.0,东北风,微风
2023/12/31,丹凤,中国,晴,11.0,-2.0,东北风,微风
2023/12/31,库车,中国,晴,2.0,-10.0,东风,微风
2023/12/31,稻城,中国,晴,6.0,-10.0,北风,微风
2023/12/31,海阳,中国,多云,2.0,-6.0,北风,4~5级
2023/12/31,武义,中国,多云,16.0,1.0,东北风,3~4级
2023/12/31,牟平,中国,小雪,0.0,-5.0,北风,4~5级
2023/12/31,宾县,中国,晴,-15.0,-25.0,东北风,微风
2023/12/31,盈江,中国,晴,22.0,7.0,无持续风向,微风
2023/12/31,罗田,中国,晴,15.0,0.0,无持续风向,微风
2023/12/31,黄冈,中国,晴,14.0,1.0,无持续风向,微风
2023/12/31,赞皇,中国,晴,3.0,-6.0,南风,微风
2023/12/31,安福,中国,晴,20.0,6.0,北风,微风
2023/12/31,中宁,中国,晴,1.0,-9.0,无持续风向,微风
2023/12/31,岳西,中国,晴,12.0,-2.0,东北风,3~4级
2023/12/31,寿县,中国,晴,9.0,-2.0,东北风,微风
2023/12/31,饶阳,中国,晴,5.0,-9.0,东北风,3~4级
2023/12/31,马尔康,中国,晴,13.0,-7.0,北风,微风
2023/12/31,岑巩,中国,阴,15.0,7.0,北风,微风
2023/12/31,汾阳,中国,晴,3.0,-8.0,西北风,微风
2023/12/31,霍尔果斯,中国,晴,3.0,-4.0,东风,微风
2023/12/31,叶县,中国,晴,9.0,-5.0,东风,微风
2023/12/31,凌源,中国,晴,-3.0,-16.0,北风,4~5级
2023/12/31,礼泉,中国,晴,6.0,-2.0,东北风,微风
2023/12/31,确山县,中国,晴,9.0,-2.0,东北风,微风
2023/12/31,莒县,中国,晴,5.0,-7.0,无持续风向,微风
2023/12/31,长海,中国,多云,-4.0,-8.0,北风,6~7级
2023/12/31,郓城,中国,雾,6.0,-4.0,无持续风向,微风
2023/12/31,合浦,中国,多云,25.0,18.0,东风,微风
2023/12/31,镇沅,中国,晴,23.0,8.0,无持续风向,微风
2023/12/31,博山,中国,晴,4.0,-5.0,无持续风向,微风
2023/12/31,易门,中国,晴,18.0,2.0,无持续风向,微风
2023/12/31,平陆,中国,晴,9.0,-2.0,东风,微风
2023/12/31,迁安,中国,晴,3.0,-10.0,东北风,微风
2023/12/31,望谟,中国,多云,23.0,15.0,东南风,微风
2023/12/31,正阳县,中国,晴,9.0,-3.0,东北风,微风
2023/12/31,叶城,中国,晴,6.0,-7.0,东北风,微风
2023/12/31,施甸,中国,晴,19.0,5.0,无持续风向,微风
2023/12/31,陆良,中国,晴,17.0,3.0,无持续风向,微风
2023/12/31,常德,中国,晴,16.0,5.0,北风,微风
2023/12/31,周宁,中国,多云,18.0,4.0,无持续风向,微风
2023/12/31,遵化,中国,晴,2.0,-9.0,东北风,微风
2023/12/31,和县,中国,晴,10.0,0.0,北风,微风
2023/12/31,涉县,中国,晴,4.0,-7.0,北风,微风
2023/12/31,桐城,中国,晴,12.0,-1.0,东北风,3~4级
2023/12/31,武陟县,中国,晴,8.0,-4.0,东风,微风
2023/12/31,滁州,中国,晴,9.0,-3.0,北风,微风
2023/12/31,辽中,中国,多云,-7.0,-19.0,北风,4~5级
2023/12/31,临朐,中国,多云,2.0,-7.0,无持续风向,微风
2023/12/31,五原,中国,晴,-4.0,-13.0,西南风,微风
2023/12/31,闻喜,中国,晴,9.0,-3.0,北风,微风
2023/12/31,玉门,中国,多云,1.0,-12.0,无持续风向,微风
2023/12/31,石楼,中国,晴,1.0,-7.0,东南风,微风
2023/12/31,高县,中国,阴,14.0,8.0,南风,微风
2023/12/31,剑河,中国,小雨,16.0,7.0,北风,微风
2023/12/31,日照,中国,多云,5.0,-4.0,无持续风向,微风
2023/12/31,乌审召,中国,晴,-3.0,-17.0,南风,微风
2023/12/31,木里,中国,晴,15.0,1.0,北风,微风
2023/12/31,通道,中国,小雨,19.0,8.0,北风,微风
2023/12/31,嘉善,中国,晴,9.0,1.0,北风,4~5级
2023/12/31,泗阳,中国,晴,6.0,-3.0,北风,微风
2023/12/31,太原,中国,晴,5.0,-10.0,北风,微风
2023/12/31,民和,中国,晴,4.0,-9.0,无持续风向,微风
2023/12/31,南雄,中国,多云,20.0,7.0,无持续风向,微风
2023/12/31,凌海,中国,晴,-4.0,-13.0,北风,4~5级
2023/12/31,潼关,中国,晴,6.0,-1.0,东北风,微风
2023/12/31,万荣,中国,晴,6.0,-2.0,东北风,3~4级
2023/12/31,泉州,中国,晴,24.0,11.0,东北风,5~6级
2023/12/31,盐源,中国,多云,14.0,0.0,北风,微风
2023/12/31,潍坊,中国,多云,2.0,-6.0,北风,3~4级
2023/12/31,伊通,中国,晴,-10.0,-19.0,北风,微风
2023/12/31,罗江,中国,阴,11.0,8.0,南风,微风
2023/12/31,大田,中国,晴,24.0,9.0,无持续风向,微风
2023/12/31,东丽,中国,晴,4.0,-6.0,西北风,4~5级
2023/12/31,播州,中国,小雨,10.0,7.0,东风,微风
2023/12/31,修武县,中国,晴,7.0,-5.0,东风,微风
2023/12/31,武宣,中国,多云,25.0,16.0,北风,微风
2023/12/31,闽侯,中国,多云,21.0,9.0,无持续风向,微风
2023/12/31,寿阳,中国,晴,3.0,-14.0,东风,微风
2023/12/31,南汇,中国,晴,8.0,3.0,北风,3~4级
2023/12/31,望奎,中国,晴,-16.0,-21.0,北风,微风
2023/12/31,青县,中国,晴,4.0,-8.0,东北风,3~4级
2023/12/31,勐腊,中国,晴,28.0,12.0,无持续风向,微风
2023/12/31,靖江,中国,晴,7.0,0.0,北风,微风
2023/12/31,邹平,中国,晴,4.0,-5.0,无持续风向,微风
2023/12/31,高密,中国,多云,3.0,-6.0,北风,3~4级
2023/12/31,红安,中国,晴,13.0,0.0,无持续风向,微风
2023/12/31,盐山,中国,晴,4.0,-7.0,东北风,3~4级
2023/12/31,合作,中国,晴,7.0,-18.0,无持续风向,微风
2023/12/31,安龙,中国,多云,18.0,10.0,东南风,微风
2023/12/31,献县,中国,晴,5.0,-8.0,东北风,3~4级
2023/12/31,大理,中国,晴,15.0,1.0,无持续风向,微风
2023/12/31,黑河,中国,晴,-18.0,-25.0,西北风,3~4级
2023/12/31,龙山,中国,多云,15.0,5.0,东南风,微风
2023/12/31,临夏,中国,晴,9.0,-11.0,无持续风向,微风
2023/12/31,平定,中国,晴,6.0,-8.0,东风,微风
2023/12/31,黄梅,中国,晴,14.0,2.0,东北风,3~4级
2023/12/31,蓝田,中国,晴,6.0,-3.0,东北风,微风
2023/12/31,翁牛特旗,中国,晴,-6.0,-14.0,西北风,微风
2023/12/31,西林,中国,多云,22.0,13.0,东南风,微风
2023/12/31,塔河,中国,阴,-20.0,-34.0,南风,微风
2023/12/31,宝山,中国,多云,9.0,3.0,无持续风向,微风
2023/12/31,阜南,中国,晴,10.0,-2.0,东北风,微风
2023/12/31,天祝,中国,晴,5.0,-12.0,无持续风向,微风
2023/12/31,范县,中国,晴,5.0,-5.0,东北风,微风
2023/12/31,沁源,中国,晴,6.0,-8.0,南风,微风
2023/12/31,班戈,中国,多云,-4.0,-13.0,西风,6~7级
2023/12/31,策勒,中国,晴,8.0,-6.0,西南风,微风
2023/12/31,象州,中国,多云,25.0,14.0,北风,微风
2023/12/31,云浮,中国,多云,24.0,15.0,无持续风向,微风
2023/12/31,咸阳,中国,晴,6.0,-2.0,东北风,微风
2023/12/31,义县,中国,晴,-4.0,-15.0,北风,4~5级
2023/12/31,沂水,中国,晴,4.0,-6.0,无持续风向,微风
2023/12/31,乌伊岭,中国,晴,-19.0,-32.0,西北风,3~4级
2023/12/31,垦利,中国,多云,3.0,-7.0,无持续风向,微风
2023/12/31,鄂伦春旗,中国,晴,-15.0,-27.0,南风,微风
2023/12/31,宜州,中国,多云,21.0,14.0,东南风,微风
2023/12/31,霍邱,中国,晴,8.0,-1.0,东北风,微风
2023/12/31,富川,中国,多云,24.0,11.0,北风,微风
2023/12/31,新干,中国,晴,18.0,6.0,北风,微风
2023/12/31,咸丰,中国,小雨,13.0,5.0,无持续风向,微风
2023/12/31,岷县,中国,晴,10.0,-7.0,无持续风向,微风
2023/12/31,江都,中国,晴,7.0,-3.0,东北风,微风
2023/12/31,寻乌,中国,多云,24.0,10.0,北风,微风
2023/12/31,章丘,中国,多云,3.0,-5.0,无持续风向,微风
2023/12/31,冷水江,中国,晴,17.0,6.0,北风,微风
2023/12/31,柳河,中国,阵雪,-8.0,-21.0,西北风,微风
2023/12/31,天长,中国,晴,9.0,-3.0,北风,3~4级
2023/12/31,聂拉木,中国,多云,3.0,-6.0,南风,6~7级
2023/12/31,台州,中国,晴,15.0,3.0,东北风,4~5级
2023/12/31,泸溪,中国,小雨,16.0,6.0,东北风,微风
2023/12/31,梓潼,中国,多云,12.0,5.0,南风,微风
2023/12/31,白沙,中国,多云,25.0,15.0,无持续风向,微风
2023/12/31,曲江,中国,多云,23.0,10.0,无持续风向,微风
2023/12/31,荥阳市,中国,晴,9.0,-3.0,东风,微风
2023/12/31,镇坪,中国,多云,11.0,1.0,东北风,微风
2023/12/31,屯昌,中国,多云,25.0,16.0,无持续风向,微风
2023/12/31,十堰,中国,晴,11.0,1.0,无持续风向,微风
2023/12/31,加格达奇,中国,阴,-21.0,-32.0,南风,微风
2023/12/31,石首,中国,晴,15.0,3.0,无持续风向,微风
2023/12/31,大石桥,中国,多云,-7.0,-17.0,北风,5~6级
2023/12/31,清镇,中国,阵雨,15.0,8.0,南风,微风
2023/12/31,大柴旦,中国,晴,0.0,-18.0,无持续风向,微风
2023/12/31,山阳,中国,晴,12.0,-2.0,东北风,微风
2023/12/31,永寿,中国,晴,4.0,-1.0,东北风,微风
2023/12/31,杜蒙,中国,晴,-13.0,-18.0,北风,微风
2023/12/31,普安,中国,多云,17.0,9.0,东南风,微风
2023/12/31,曹县,中国,雾,8.0,-5.0,无持续风向,微风
2023/12/31,泾县,中国,晴,12.0,-1.0,东北风,微风
2023/12/31,独山,中国,小雨,16.0,9.0,东风,微风
2023/12/31,洛隆,中国,晴,1.0,-11.0,无持续风向,微风
2023/12/31,花垣,中国,小雨,15.0,5.0,东风,微风
2023/12/31,沙湾,中国,多云,-3.0,-8.0,东北风,微风
2023/12/31,绍兴,中国,晴,12.0,1.0,北风,4~5级
2023/12/31,绥棱,中国,晴,-17.0,-24.0,北风,微风
2023/12/31,中山,中国,多云,26.0,17.0,无持续风向,微风
2023/12/31,南部,中国,小雨,11.0,7.0,南风,微风
2023/12/31,纳雍,中国,多云,17.0,6.0,南风,微风
2023/12/31,米脂,中国,晴,0.0,-9.0,东北风,微风
2023/12/31,莲塘,中国,晴,16.0,4.0,北风,微风
2023/12/31,濮阳,中国,晴,6.0,-5.0,北风,微风
2023/12/31,孝感,中国,晴,14.0,0.0,无持续风向,微风
2023/12/31,广昌,中国,晴,22.0,5.0,南风,微风
2023/12/31,略阳,中国,阴,10.0,3.0,东北风,微风
2023/12/31,元江,中国,晴,24.0,14.0,无持续风向,微风
2023/12/31,舒城,中国,晴,11.0,-1.0,东北风,微风
2023/12/31,临桂,中国,多云,22.0,12.0,北风,微风
2023/12/31,沐川,中国,小雨,14.0,8.0,北风,微风
2023/12/31,吉隆镇,中国,中雨,5.0,-4.0,无持续风向,微风
2023/12/31,石家庄,中国,晴,4.0,-5.0,南风,微风
2023/12/31,泽当,中国,晴,9.0,-5.0,无持续风向,微风
2023/12/31,浮山,中国,晴,3.0,-7.0,东南风,3~4级
2023/12/31,杭锦后旗,中国,晴,-3.0,-9.0,西南风,微风
2023/12/31,嘉黎,中国,多云,0.0,-16.0,南风,5~6级
2023/12/31,惠农,中国,晴,2.0,-9.0,无持续风向,微风
2023/12/31,洪泽,中国,晴,7.0,-3.0,北风,3~4级
2023/12/31,娄底,中国,晴,18.0,6.0,北风,微风
2023/12/31,利辛,中国,晴,9.0,-3.0,东北风,微风
2023/12/31,德格,中国,晴,8.0,-8.0,北风,微风
2023/12/31,淮安,中国,晴,7.0,-3.0,北风,3~4级
2023/12/31,维西,中国,多云,16.0,-2.0,无持续风向,微风
2023/12/31,丹江口,中国,晴,11.0,1.0,无持续风向,微风
2023/12/31,左权,中国,晴,3.0,-12.0,东南风,微风
2023/12/31,浑源,中国,晴,-3.0,-19.0,东南风,微风
2023/12/31,白山,中国,阵雪,-5.0,-21.0,西北风,微风
2023/12/31,南乐县,中国,晴,5.0,-5.0,东北风,微风
2023/12/31,德惠,中国,晴,-14.0,-24.0,西风,微风
2023/12/31,鄠邑区,中国,晴,6.0,-2.0,西南风,微风
2023/12/31,大厂,中国,晴,3.0,-10.0,北风,3~4级
2023/12/31,石河子,中国,晴,-3.0,-6.0,东北风,微风
2023/12/31,瑞金,中国,多云,23.0,9.0,北风,微风
2023/12/31,渠县,中国,小雨,14.0,9.0,南风,微风
2023/12/31,金阳,中国,晴,19.0,7.0,北风,微风
2023/12/31,五华,中国,多云,25.0,12.0,无持续风向,微风
2023/12/31,古县,中国,晴,5.0,-4.0,东风,微风
2023/12/31,类乌齐,中国,晴,4.0,-15.0,无持续风向,微风
2023/12/31,东胜,中国,晴,-3.0,-9.0,南风,微风
2023/12/31,定州,中国,晴,5.0,-7.0,东南风,微风
2023/12/31,吉兰太,中国,晴,-1.0,-11.0,西风,微风
2023/12/31,南县,中国,晴,14.0,3.0,北风,微风
2023/12/31,上高,中国,晴,18.0,4.0,东南风,微风
2023/12/31,怀集,中国,多云,25.0,13.0,无持续风向,微风
2023/12/31,施秉,中国,小雨,14.0,7.0,北风,微风
2023/12/31,深泽,中国,晴,5.0,-7.0,南风,微风
2023/12/31,靖边,中国,晴,3.0,-6.0,东北风,微风
2023/12/31,阿荣旗,中国,晴,-14.0,-20.0,南风,微风
2023/12/31,虞城,中国,晴,8.0,-3.0,东北风,微风
2023/12/31,晋城,中国,晴,4.0,-5.0,东南风,微风
2023/12/31,阳山,中国,多云,26.0,13.0,无持续风向,微风
2023/12/31,平舆县,中国,晴,9.0,-3.0,东北风,微风
2023/12/31,昭觉,中国,晴,15.0,0.0,北风,微风
2023/12/31,比如,中国,多云,-4.0,-12.0,东风,5~6级
2023/12/31,修文,中国,阵雨,15.0,8.0,南风,微风
2023/12/31,德钦,中国,晴,8.0,-6.0,无持续风向,微风
2023/12/31,农安,中国,晴,-13.0,-24.0,东北风,微风
2023/12/31,新安县,中国,晴,7.0,-2.0,东风,微风
2023/12/31,青龙,中国,晴,0.0,-13.0,北风,3~4级
2023/12/31,伊金霍洛旗,中国,晴,-2.0,-13.0,南风,微风
2023/12/31,湛江,中国,阵雨,26.0,16.0,无持续风向,微风
2023/12/31,迭部,中国,晴,12.0,-11.0,无持续风向,微风
2023/12/31,崇义,中国,多云,22.0,9.0,南风,微风
2023/12/31,阳曲,中国,晴,4.0,-11.0,北风,微风
2023/12/31,乾安,中国,晴,-12.0,-20.0,北风,微风
2023/12/31,彝良,中国,多云,16.0,8.0,无持续风向,微风
2023/12/31,松潘,中国,晴,9.0,-9.0,北风,微风
2023/12/31,威信,中国,阴,9.0,5.0,无持续风向,微风
2023/12/31,鄂托克旗,中国,晴,-2.0,-13.0,南风,微风
2023/12/31,莒南,中国,晴,5.0,-6.0,无持续风向,微风
2023/12/31,万全,中国,晴,-2.0,-13.0,西北风,3~4级
2023/12/31,老河口,中国,晴,10.0,0.0,无持续风向,微风
2023/12/31,启东,中国,晴,6.0,3.0,北风,3~4级
2023/12/31,新田,中国,晴,21.0,10.0,北风,微风
2023/12/31,潜江,中国,晴,14.0,3.0,无持续风向,微风
2023/12/31,武乡,中国,晴,4.0,-9.0,南风,微风
2023/12/31,凤县,中国,多云,11.0,0.0,东北风,微风
2023/12/31,环江,中国,多云,20.0,13.0,东南风,微风
2023/12/31,萧县,中国,晴,8.0,-4.0,北风,微风
2023/12/31,延庆,中国,晴,2.0,-13.0,西南风,微风
2023/12/31,新宾,中国,多云,-7.0,-22.0,北风,4~5级
2023/12/31,本溪,中国,阵雪,-8.0,-19.0,北风,3~4级
2023/12/31,荣成,中国,阴,1.0,-4.0,西北风,4~5级
2023/12/31,井陉,中国,晴,4.0,-6.0,南风,微风
2023/12/31,江油,中国,多云,11.0,5.0,南风,微风
2023/12/31,汨罗,中国,晴,18.0,5.0,北风,微风
2023/12/31,涡阳,中国,晴,10.0,-3.0,东北风,微风
2023/12/31,尖扎,中国,晴,7.0,-10.0,无持续风向,微风
2023/12/31,特克斯,中国,晴,0.0,-6.0,西南风,微风
2023/12/31,灯塔,中国,阵雪,-7.0,-19.0,北风,4~5级
2023/12/31,铁干里克,中国,多云,3.0,-13.0,西风,微风
2023/12/31,凤翔,中国,多云,4.0,-1.0,西南风,微风
2023/12/31,惠水,中国,小雨,17.0,11.0,南风,微风
2023/12/31,元谋,中国,晴,24.0,6.0,无持续风向,微风
2023/12/31,铅山,中国,晴,17.0,5.0,南风,微风
2023/12/31,满洲里,中国,阵雪,-15.0,-26.0,南风,3~4级
2023/12/31,兴平,中国,晴,7.0,-2.0,西南风,微风
2023/12/31,金湖,中国,晴,7.0,-2.0,北风,3~4级
2023/12/31,镇远,中国,小雨,15.0,7.0,北风,微风
2023/12/31,陆丰,中国,多云,26.0,14.0,无持续风向,微风
2023/12/31,乌什,中国,晴,1.0,-9.0,西北风,微风
2023/12/31,黄骅,中国,晴,3.0,-7.0,东北风,3~4级
2023/12/31,株洲,中国,晴,20.0,7.0,北风,微风
2023/12/31,祁门,中国,晴,14.0,-1.0,东北风,3~4级
2023/12/31,澄迈,中国,多云,26.0,16.0,无持续风向,微风
2023/12/31,魏县,中国,晴,5.0,-7.0,北风,微风
2023/12/31,乌拉盖,中国,多云,-14.0,-20.0,西南风,4~5级
2023/12/31,洋县,中国,多云,14.0,4.0,东北风,3~4级
2023/12/31,庄浪,中国,晴,7.0,-6.0,无持续风向,微风
2023/12/31,平湖,中国,晴,9.0,3.0,西北风,4~5级
2023/12/31,尤溪,中国,晴,22.0,9.0,无持续风向,微风
2023/12/31,桦南,中国,晴,-16.0,-25.0,东北风,微风
2023/12/31,肥东,中国,晴,10.0,-1.0,东北风,微风
2023/12/31,甘泉,中国,晴,6.0,-8.0,东北风,微风
2023/12/31,江达,中国,晴,4.0,-14.0,无持续风向,微风
2023/12/31,洛川,中国,晴,5.0,-6.0,东北风,微风
2023/12/31,邵阳市,中国,晴,19.0,7.0,东北风,微风
2023/12/31,新昌,中国,晴,13.0,0.0,北风,4~5级
2023/12/31,黑水,中国,晴,14.0,-4.0,北风,微风
2023/12/31,青岛,中国,晴,3.0,-3.0,北风,4~5级
2023/12/31,天台,中国,晴,14.0,0.0,北风,4~5级
2023/12/31,岗巴,中国,多云,1.0,-13.0,南风,5~6级
2023/12/31,长乐,中国,多云,21.0,9.0,东北风,3~4级
2023/12/31,海林,中国,多云,-9.0,-25.0,东北风,3~4级
2023/12/31,辛集,中国,晴,4.0,-6.0,南风,微风
2023/12/31,镇宁,中国,多云,16.0,9.0,南风,微风
2023/12/31,库尔勒,中国,晴,28.0,14.0,无持续风向,微风
2023/12/31,颍上,中国,晴,9.0,-2.0,东北风,微风
2023/12/31,自贡,中国,阴,12.0,9.0,南风,微风
2023/12/31,托克托,中国,晴,-4.0,-17.0,西风,微风
2023/12/31,海门,中国,晴,6.0,1.0,北风,微风
2023/12/31,建德,中国,晴,15.0,0.0,东北风,3~4级
2023/12/31,临安,中国,晴,13.0,0.0,东北风,4~5级
2023/12/31,江夏,中国,晴,14.0,2.0,无持续风向,微风
2023/12/31,隆子,中国,多云,7.0,-10.0,东风,5~6级
2023/12/31,富源,中国,晴,18.0,3.0,无持续风向,微风
2023/12/31,广州,中国,多云,25.0,15.0,无持续风向,微风
2023/12/31,府谷,中国,晴,0.0,-9.0,东北风,微风
2023/12/31,连州,中国,多云,22.0,11.0,无持续风向,微风
2023/12/31,连平,中国,多云,25.0,11.0,无持续风向,微风
2023/12/31,钟祥,中国,晴,12.0,0.0,无持续风向,微风
2023/12/31,砚山,中国,多云,21.0,9.0,无持续风向,微风
2023/12/31,吴桥,中国,晴,5.0,-7.0,东北风,3~4级
2023/12/31,淄博,中国,晴,4.0,-8.0,无持续风向,微风
2023/12/31,桂东,中国,多云,20.0,6.0,东北风,微风
2023/12/31,庆安,中国,晴,-16.0,-26.0,北风,微风
2023/12/31,屏南,中国,多云,20.0,5.0,无持续风向,微风
2023/12/31,尼勒克,中国,晴,0.0,-5.0,东南风,微风
2023/12/31,饶平,中国,多云,27.0,12.0,无持续风向,微风
2023/12/31,永福,中国,多云,22.0,12.0,北风,微风
2023/12/31,长清,中国,多云,3.0,-6.0,无持续风向,微风
2023/12/31,大新,中国,多云,24.0,15.0,东风,微风
2023/12/31,兴文,中国,阴,14.0,7.0,南风,微风
2023/12/31,麻阳,中国,小雨,17.0,6.0,东北风,微风
2023/12/31,桂阳,中国,多云,20.0,9.0,东北风,微风
2023/12/31,靖州,中国,多云,18.0,7.0,北风,微风
2023/12/31,永州,中国,晴,20.0,9.0,东北风,微风
2023/12/31,太康县,中国,晴,8.0,-3.0,东北风,微风
2023/12/31,巴彦诺尔贡,中国,晴,0.0,-15.0,西风,微风
2023/12/31,永和,中国,晴,2.0,-7.0,东南风,微风
2023/12/31,紫云,中国,多云,16.0,10.0,南风,微风
2023/12/31,鹤岗,中国,晴,-14.0,-26.0,北风,微风
2023/12/31,阿拉善右旗,中国,晴,1.0,-9.0,西风,微风
2023/12/31,青铜峡,中国,晴,3.0,-9.0,无持续风向,微风
2023/12/31,九龙,中国,晴,13.0,-4.0,北风,微风
2023/12/31,响水,中国,晴,5.0,-2.0,北风,微风
2023/12/31,乐昌,中国,多云,20.0,7.0,无持续风向,微风
2023/12/31,眉山,中国,阴,11.0,7.0,南风,微风
2023/12/31,达孜,中国,晴,7.0,-10.0,无持续风向,微风
2023/12/31,侯马,中国,晴,9.0,-3.0,东北风,微风
2023/12/31,江安,中国,阴,13.0,9.0,南风,微风
2023/12/31,英德,中国,多云,24.0,15.0,无持续风向,微风
2023/12/31,太仆寺旗,中国,多云,-11.0,-16.0,西南风,4~5级
2023/12/31,盐城,中国,晴,7.0,-2.0,无持续风向,微风
2023/12/31,房县,中国,晴,12.0,1.0,东风,3~4级
2023/12/31,温州,中国,晴,20.0,4.0,北风,3~4级
2023/12/31,泰顺,中国,多云,19.0,2.0,东风,3~4级
2023/12/31,普陀,中国,多云,11.0,4.0,北风,5~6级
2023/12/31,扶沟县,中国,雨夹雪,8.0,-4.0,东北风,微风
2023/12/31,文安,中国,晴,4.0,-9.0,北风,3~4级
2023/12/31,东兴,中国,多云,26.0,18.0,东南风,微风
2023/12/31,名山,中国,小雨,13.0,6.0,南风,微风
2023/12/31,平塘,中国,小雨,16.0,9.0,东南风,微风
2023/12/31,天全,中国,小雨,12.0,4.0,北风,微风
2023/12/31,新洲,中国,晴,14.0,0.0,无持续风向,微风
2023/12/31,紫金,中国,多云,24.0,12.0,无持续风向,微风
2023/12/31,塔什库尔干,中国,晴,0.0,-13.0,西风,微风
2023/12/31,义乌,中国,晴,15.0,0.0,东北风,4~5级
2023/12/31,阜康,中国,晴,-6.0,-11.0,北风,微风
2023/12/31,盂县,中国,晴,3.0,-10.0,东风,微风
2023/12/31,石门,中国,晴,16.0,5.0,东北风,微风
2023/12/31,西安,中国,晴,7.0,-3.0,西南风,微风
2023/12/31,临潭,中国,晴,10.0,-15.0,无持续风向,微风
2023/12/31,乐平,中国,晴,18.0,3.0,北风,微风
2023/12/31,顺德,中国,多云,25.0,16.0,无持续风向,微风
2023/12/31,延川,中国,晴,2.0,-8.0,西南风,微风
2023/12/31,邵东,中国,晴,18.0,6.0,东北风,微风
2023/12/31,通州,中国,晴,5.0,-9.0,东北风,微风
2023/12/31,曲麻莱,中国,晴,0.0,-21.0,无持续风向,微风
2023/12/31,奉节,中国,多云,16.0,8.0,东北风,微风
2023/12/31,伊吾,中国,晴,-2.0,-12.0,东北风,微风
2023/12/31,陇川,中国,晴,21.0,6.0,无持续风向,微风
2023/12/31,台山,中国,晴,26.0,17.0,无持续风向,微风
2023/12/31,沁阳市,中国,晴,8.0,-4.0,东风,微风
2023/12/31,廉江,中国,多云,26.0,15.0,无持续风向,微风
2023/12/31,汉中,中国,多云,10.0,4.0,东北风,微风
2023/12/31,平乡,中国,晴,6.0,-6.0,北风,微风
2023/12/31,彭水,中国,阴,15.0,8.0,东南风,微风
2023/12/31,兰考,中国,晴,7.0,-5.0,东北风,微风
2023/12/31,石阡,中国,小雨,14.0,6.0,东风,微风
2023/12/31,大余,中国,多云,23.0,10.0,东北风,微风
2023/12/31,原阳县,中国,晴,7.0,-5.0,东北风,微风
2023/12/31,公主岭,中国,晴,-10.0,-17.0,北风,微风
2023/12/31,昭通,中国,晴,18.0,1.0,无持续风向,微风
2023/12/31,巴仑台,中国,晴,-1.0,-13.0,北风,微风
2023/12/31,古田,中国,多云,22.0,8.0,无持续风向,微风
2023/12/31,射阳,中国,晴,6.0,-1.0,北风,微风
2023/12/31,威县,中国,晴,5.0,-8.0,北风,微风
2023/12/31,盘州,中国,多云,19.0,5.0,西南风,微风
2023/12/31,克东,中国,晴,-17.0,-22.0,北风,微风
2023/12/31,宜兴,中国,晴,8.0,-1.0,西北风,微风
2023/12/31,阿尔山,中国,晴,-12.0,-21.0,西北风,3~4级
2023/12/31,和政,中国,晴,8.0,-10.0,无持续风向,微风
2023/12/31,临澧,中国,晴,16.0,4.0,北风,微风
2023/12/31,丰台,中国,晴,6.0,-8.0,东北风,微风
2023/12/31,宝清,中国,晴,-16.0,-28.0,西北风,微风
2023/12/31,临武,中国,多云,22.0,10.0,西风,微风
2023/12/31,三亚,中国,多云,27.0,20.0,东风,3~4级
2023/12/31,大连,中国,多云,-4.0,-8.0,北风,6~7级
2023/12/31,和丰,中国,小雪,-4.0,-12.0,南风,微风
2023/12/31,宣威,中国,晴,17.0,3.0,无持续风向,微风
2023/12/31,大城,中国,晴,4.0,-9.0,北风,3~4级
2023/12/31,曲周,中国,晴,5.0,-7.0,北风,微风
2023/12/31,宜城,中国,晴,12.0,0.0,无持续风向,微风
2023/12/31,和龙,中国,阵雪,-5.0,-18.0,西北风,微风
2023/12/31,改则,中国,多云,-3.0,-20.0,西北风,6~7级
2023/12/31,古丈,中国,小雨,16.0,5.0,东风,微风
2023/12/31,唐县,中国,晴,6.0,-6.0,东南风,微风
2023/12/31,那坡,中国,多云,22.0,15.0,东南风,微风
2023/12/31,怀远,中国,晴,9.0,-2.0,东北风,微风
2023/12/31,汇川,中国,中雨,11.0,5.0,无持续风向,微风
2023/12/31,九江县,中国,晴,13.0,2.0,北风,微风
2023/12/31,安康,中国,多云,14.0,3.0,东北风,3~4级
2023/12/31,巴楚,中国,晴,2.0,-10.0,东风,微风
2023/12/31,应城,中国,晴,13.0,1.0,无持续风向,微风
2023/12/31,林口,中国,晴,-12.0,-27.0,东北风,3~4级
2023/12/31,峨眉,中国,小雨,11.0,7.0,南风,微风
2023/12/31,长岭,中国,晴,-12.0,-21.0,北风,微风
2023/12/31,万盛,中国,小雨,13.0,7.0,西北风,微风
2023/12/31,太湖,中国,晴,13.0,1.0,东风,3~4级
2023/12/31,资源,中国,多云,18.0,11.0,北风,微风
2023/12/31,贺州,中国,多云,25.0,12.0,北风,微风
2023/12/31,萍乡,中国,多云,19.0,7.0,西南风,微风
2023/12/31,罗定,中国,多云,24.0,15.0,无持续风向,微风
2023/12/31,沁县,中国,晴,4.0,-9.0,南风,微风
2023/12/31,玛沁,中国,晴,3.0,-16.0,无持续风向,微风
2023/12/31,蒲城,中国,晴,7.0,-3.0,东北风,微风
2023/12/31,汝城,中国,多云,21.0,9.0,东北风,微风
2023/12/31,丘北,中国,晴,21.0,7.0,无持续风向,微风
2023/12/31,武山,中国,多云,8.0,-4.0,无持续风向,微风
2023/12/31,西青,中国,晴,3.0,-7.0,西北风,4~5级
2023/12/31,姚安,中国,晴,17.0,1.0,无持续风向,微风
2023/12/31,河口,中国,多云,2.0,-7.0,无持续风向,微风
2023/12/31,文成,中国,多云,19.0,2.0,北风,3~4级
2023/12/31,新都,中国,阴,11.0,7.0,南风,微风
2023/12/31,河南,中国,晴,3.0,-13.0,南风,微风
2023/12/31,小二沟,中国,晴,-16.0,-27.0,南风,微风
2023/12/31,睢宁,中国,晴,6.0,-3.0,东风,微风
2023/12/31,深州,中国,晴,5.0,-7.0,东风,微风
2023/12/31,梧州,中国,多云,25.0,15.0,北风,微风
2023/12/31,彭县,中国,小雨,11.0,5.0,南风,微风
2023/12/31,墨玉,中国,晴,7.0,-8.0,无持续风向,微风
2023/12/31,鸡西,中国,多云,-13.0,-24.0,西北风,微风
2023/12/31,宿州,中国,晴,9.0,-3.0,北风,微风
2023/12/31,嘉峪关,中国,晴,2.0,-9.0,无持续风向,微风
2023/12/31,湄潭,中国,小雨,10.0,5.0,东北风,微风
2023/12/31,文水,中国,晴,2.0,-8.0,东风,微风
2023/12/31,平南,中国,多云,26.0,17.0,东风,微风
2023/12/31,金乡,中国,多云,8.0,-6.0,无持续风向,微风
2023/12/31,任丘,中国,晴,5.0,-7.0,东北风,3~4级
2023/12/31,林西,中国,晴,-7.0,-19.0,西北风,微风
2023/12/31,电白,中国,阵雨,25.0,16.0,无持续风向,微风
2023/12/31,鹰潭,中国,多云,18.0,5.0,南风,微风
2023/12/31,贵定,中国,小雨,13.0,5.0,东风,微风
2023/12/31,民乐,中国,晴,1.0,-12.0,无持续风向,微风
2023/12/31,隆昌,中国,阴,12.0,9.0,南风,微风
2023/12/31,达州,中国,小雨,15.0,9.0,南风,微风
2023/12/31,祁阳,中国,晴,21.0,8.0,北风,微风
2023/12/31,德阳,中国,阴,11.0,5.0,南风,微风
2023/12/31,乌苏,中国,晴,-2.0,-7.0,北风,微风
2023/12/31,德兴,中国,晴,16.0,4.0,西北风,微风
2023/12/31,嵊泗,中国,多云,8.0,5.0,北风,6~7级
2023/12/31,浚县,中国,晴,6.0,-5.0,北风,微风
2023/12/31,西峡,中国,多云,11.0,-1.0,东南风,微风
2023/12/31,怀柔,中国,晴,4.0,-10.0,南风,微风
2023/12/31,禄丰,中国,晴,19.0,1.0,无持续风向,微风
2023/12/31,珠海,中国,多云,25.0,17.0,无持续风向,微风
2023/12/31,宁蒗,中国,晴,13.0,-3.0,南风,3~4级
2023/12/31,怀化,中国,多云,16.0,6.0,北风,微风
2023/12/31,西丰,中国,多云,-10.0,-26.0,北风,4~5级
2023/12/31,贡山,中国,多云,18.0,0.0,无持续风向,微风
2023/12/31,六合,中国,晴,8.0,-2.0,北风,微风
2023/12/31,乌当,中国,阵雨,17.0,9.0,南风,微风
2023/12/31,合川,中国,多云,10.0,7.0,北风,微风
2023/12/31,淅川,中国,多云,11.0,-2.0,东风,微风
2023/12/31,星子,中国,晴,15.0,3.0,北风,微风
2023/12/31,沧州,中国,晴,5.0,-9.0,东北风,3~4级
2023/12/31,岱山,中国,多云,10.0,3.0,北风,5~6级
2023/12/31,连南,中国,多云,21.0,12.0,无持续风向,微风
2023/12/31,监利,中国,晴,14.0,3.0,无持续风向,微风
2023/12/31,松原,中国,晴,-12.0,-18.0,东北风,微风
2023/12/31,萨嘎,中国,阴,1.0,-17.0,西风,6~7级
2023/12/31,察隅,中国,晴,12.0,1.0,无持续风向,微风
2023/12/31,凤庆,中国,晴,18.0,5.0,无持续风向,微风
2023/12/31,台东,中国,小雨,23.0,18.0,东北风,3~4级
2023/12/31,东宁,中国,晴,-7.0,-20.0,东北风,3~4级
2023/12/31,莱阳,中国,多云,2.0,-8.0,北风,4~5级
2023/12/31,永顺,中国,晴,14.0,5.0,东北风,微风
2023/12/31,徽县,中国,多云,9.0,1.0,无持续风向,微风
2023/12/31,昌宁,中国,晴,17.0,0.0,无持续风向,微风
2023/12/31,汤原,中国,晴,-14.0,-26.0,东北风,微风
2023/12/31,鄯善,中国,晴,0.0,-9.0,东北风,微风
2023/12/31,金山,中国,晴,9.0,2.0,无持续风向,微风
2023/12/31,青浦,中国,晴,9.0,1.0,无持续风向,微风
2023/12/31,德安,中国,晴,15.0,2.0,北风,微风
2023/12/31,滑县,中国,晴,6.0,-5.0,东北风,微风
2023/12/31,新丰,中国,阵雨,26.0,9.0,无持续风向,微风
2023/12/31,延安,中国,晴,3.0,-6.0,东北风,微风
2023/12/31,东至,中国,晴,13.0,-1.0,东北风,3~4级
2023/12/31,渭源,中国,晴,8.0,-10.0,无持续风向,微风
2023/12/31,同仁,中国,晴,5.0,-6.0,无持续风向,微风
2023/12/31,平阳,中国,多云,18.0,4.0,东风,3~4级
2023/12/31,尚义,中国,晴,-7.0,-21.0,西北风,4~5级
2023/12/31,社旗,中国,晴,9.0,-3.0,东风,微风
2023/12/31,晋中,中国,晴,4.0,-10.0,东北风,微风
2023/12/31,汝州,中国,晴,7.0,-4.0,东北风,微风
2023/12/31,古浪,中国,晴,0.0,-9.0,无持续风向,微风
2023/12/31,成县,中国,多云,9.0,0.0,无持续风向,微风
2023/12/31,江山,中国,晴,16.0,2.0,东北风,4~5级
2023/12/31,肃北,中国,多云,5.0,-11.0,无持续风向,微风
2023/12/31,肥乡,中国,晴,5.0,-7.0,北风,微风
2023/12/31,双峰,中国,小雨,18.0,6.0,北风,微风
2023/12/31,邵武,中国,晴,21.0,5.0,无持续风向,微风
2023/12/31,长岛,中国,阴,0.0,-3.0,北风,5~6级
2023/12/31,吉首,中国,小雨,15.0,5.0,东北风,微风
2023/12/31,镇江,中国,晴,8.0,-1.0,北风,微风
2023/12/31,成武,中国,雾,8.0,-4.0,无持续风向,微风
2023/12/31,英吉沙,中国,晴,3.0,-9.0,北风,微风
2023/12/31,蒙自,中国,多云,22.0,12.0,无持续风向,微风
2023/12/31,济宁,中国,多云,7.0,-5.0,无持续风向,微风
2023/12/31,水城,中国,多云,16.0,8.0,东北风,微风
2023/12/31,上蔡县,中国,晴,9.0,-3.0,东北风,微风
2023/12/31,峄城,中国,晴,8.0,-5.0,无持续风向,微风
2023/12/31,铜仁,中国,小雨,11.0,6.0,东北风,微风
2023/12/31,永泰,中国,多云,22.0,8.0,无持续风向,微风
2023/12/31,灵川,中国,多云,20.0,12.0,北风,微风
2023/12/31,行唐,中国,晴,3.0,-7.0,南风,微风
2023/12/31,扬中,中国,晴,8.0,0.0,北风,微风
2023/12/31,陵川,中国,晴,4.0,-10.0,东风,微风
2023/12/31,潜山,中国,晴,13.0,0.0,东北风,3~4级
2023/12/31,勉县,中国,多云,8.0,3.0,东北风,微风
2023/12/31,拜城,中国,晴,0.0,-11.0,西北风,微风
2023/12/31,融水,中国,多云,21.0,12.0,北风,微风
2023/12/31,招远,中国,阴,0.0,-7.0,北风,4~5级
2023/12/31,冠县,中国,晴,5.0,-7.0,无持续风向,微风
2023/12/31,泰兴,中国,晴,7.0,0.0,北风,微风
2023/12/31,朝阳,中国,晴,6.0,-7.0,北风,微风
2023/12/31,马关,中国,多云,20.0,12.0,无持续风向,微风
2023/12/31,重庆,中国,阴,11.0,9.0,北风,微风
2023/12/31,樟树,中国,晴,18.0,4.0,南风,微风
2023/12/31,峡江,中国,晴,18.0,4.0,北风,微风
2023/12/31,镇巴,中国,多云,14.0,1.0,东北风,微风
2023/12/31,宜章,中国,多云,22.0,11.0,北风,微风
2023/12/31,连城,中国,晴,24.0,9.0,无持续风向,微风
2023/12/31,馆陶,中国,晴,5.0,-7.0,北风,微风
2023/12/31,綦江,中国,小雨,12.0,8.0,西北风,微风
2023/12/31,忻城,中国,多云,25.0,14.0,北风,微风
2023/12/31,麟游,中国,晴,5.0,-5.0,东北风,微风
2023/12/31,隆化,中国,多云,-2.0,-16.0,北风,微风
2023/12/31,新竹,中国,多云,23.0,15.0,东北风,5~6级
2023/12/31,南阳市,中国,晴,9.0,-2.0,东风,微风
2023/12/31,林芝,中国,多云,6.0,-4.0,无持续风向,微风
2023/12/31,赣榆,中国,晴,5.0,-3.0,北风,微风
2023/12/31,托克逊,中国,晴,0.0,-9.0,西风,微风
2023/12/31,呼中,中国,多云,-20.0,-35.0,南风,微风
2023/12/31,柘城,中国,晴,8.0,-4.0,东北风,微风
2023/12/31,绥德,中国,晴,0.0,-10.0,东北风,微风
2023/12/31,伊宁市,中国,晴,3.0,-6.0,东北风,微风
2023/12/31,四平,中国,阵雪,-9.0,-20.0,北风,微风
2023/12/31,岳池,中国,小雨,11.0,8.0,南风,微风
2023/12/31,炉霍,中国,晴,8.0,-9.0,北风,微风
2023/12/31,永吉,中国,阵雪,-9.0,-20.0,西北风,微风
2023/12/31,泸定,中国,多云,18.0,4.0,北风,微风
2023/12/31,兴国,中国,多云,23.0,8.0,西北风,微风
2023/12/31,惠民,中国,晴,3.0,-7.0,无持续风向,微风
2023/12/31,镇赉,中国,多云,-11.0,-18.0,北风,微风
2023/12/31,太仓,中国,晴,9.0,2.0,北风,微风
2023/12/31,江城,中国,晴,19.0,9.0,无持续风向,微风
2023/12/31,道县,中国,多云,22.0,11.0,北风,微风
2023/12/31,寿宁,中国,多云,19.0,3.0,无持续风向,微风
2023/12/31,广汉,中国,阴,11.0,6.0,南风,微风
2023/12/31,余干,中国,晴,17.0,5.0,西北风,微风
2023/12/31,广元,中国,阴,12.0,4.0,南风,微风
2023/12/31,安丘,中国,多云,3.0,-7.0,北风,3~4级
2023/12/31,索伦,中国,晴,-9.0,-20.0,西北风,3~4级
2023/12/31,郫县,中国,阴,11.0,5.0,南风,微风
2023/12/31,丰城,中国,晴,18.0,4.0,北风,微风
2023/12/31,德江,中国,小雨,13.0,7.0,东北风,微风
2023/12/31,平和,中国,晴,27.0,12.0,无持续风向,微风
2023/12/31,囊谦,中国,晴,5.0,-12.0,无持续风向,微风
2023/12/31,马鞍山,中国,晴,10.0,-1.0,北风,微风
2023/12/31,昌图,中国,多云,-10.0,-19.0,北风,4~5级
2023/12/31,邯郸,中国,晴,5.0,-6.0,北风,微风
2023/12/31,南皮,中国,晴,4.0,-9.0,东北风,3~4级
2023/12/31,大丰,中国,多云,6.0,-1.0,北风,微风
2023/12/31,田林,中国,多云,25.0,16.0,东南风,微风
2023/12/31,微山,中国,多云,7.0,-5.0,无持续风向,微风
2023/12/31,景东,中国,晴,20.0,6.0,无持续风向,微风
2023/12/31,什邡,中国,小雨,11.0,6.0,南风,微风
2023/12/31,凤凰,中国,小雨,15.0,5.0,东北风,微风
2023/12/31,花溪,中国,阵雨,17.0,9.0,南风,微风
2023/12/31,林甸,中国,晴,-13.0,-18.0,北风,微风
2023/12/31,盖州,中国,多云,-7.0,-16.0,北风,5~6级
2023/12/31,承德,中国,多云,-1.0,-13.0,西北风,微风
2023/12/31,渭南,中国,晴,5.0,-2.0,东北风,微风
2023/12/31,兴隆,中国,多云,0.0,-12.0,北风,微风
2023/12/31,天池,中国,晴,-6.0,-12.0,西南风,微风
2023/12/31,明水,中国,晴,-16.0,-21.0,北风,微风
2023/12/31,镇康,中国,晴,22.0,7.0,无持续风向,微风
2023/12/31,会宁,中国,晴,6.0,-12.0,无持续风向,微风
2023/12/31,堆龙德庆,中国,晴,5.0,-8.0,无持续风向,微风
2023/12/31,通海,中国,晴,17.0,5.0,无持续风向,微风
2023/12/31,费县,中国,晴,7.0,-6.0,无持续风向,微风
2023/12/31,乌兰浩特,中国,晴,-10.0,-16.0,西北风,3~4级
2023/12/31,河间,中国,晴,5.0,-10.0,东北风,3~4级
2023/12/31,郧县,中国,晴,10.0,0.0,无持续风向,微风
2023/12/31,布尔津,中国,多云,-5.0,-10.0,东南风,4~5级
2023/12/31,白云,中国,阵雨,15.0,8.0,南风,微风
2023/12/31,那仁宝力格,中国,多云,-14.0,-20.0,西南风,4~5级
2023/12/31,昌吉,中国,晴,25.0,9.0,无持续风向,微风
2023/12/31,永平,中国,晴,18.0,1.0,无持续风向,微风
2023/12/31,隆德,中国,晴,6.0,-8.0,无持续风向,微风
2023/12/31,美姑,中国,晴,16.0,2.0,北风,微风
2023/12/31,北镇,中国,晴,-5.0,-13.0,北风,4~5级
2023/12/31,塔城,中国,小雪,0.0,-5.0,东北风,微风
2023/12/31,宁安,中国,多云,-10.0,-23.0,东北风,3~4级
2023/12/31,泸州,中国,阴,13.0,9.0,南风,微风
2023/12/31,黑山,中国,晴,-5.0,-15.0,北风,4~5级
2023/12/31,滦南,中国,晴,2.0,-9.0,东北风,微风
2023/12/31,礼县,中国,晴,10.0,-6.0,无持续风向,微风
2023/12/31,峰峰,中国,晴,4.0,-7.0,北风,微风
2023/12/31,奇台,中国,晴,-4.0,-14.0,北风,微风
2023/12/31,前郭,中国,晴,-12.0,-20.0,西北风,微风
2023/12/31,齐河,中国,晴,4.0,-8.0,无持续风向,微风
2023/12/31,拉萨,中国,晴,6.0,-7.0,无持续风向,微风
2023/12/31,大安,中国,多云,-11.0,-20.0,北风,微风
2023/12/31,罗山,中国,晴,10.0,-1.0,东北风,微风
2023/12/31,忻州,中国,晴,1.0,-10.0,西北风,微风
2023/12/31,定海,中国,多云,11.0,4.0,北风,5~6级
2023/12/31,香河,中国,晴,3.0,-9.0,北风,3~4级
2023/12/31,保德,中国,晴,-1.0,-12.0,东风,微风
2023/12/31,静乐,中国,晴,2.0,-13.0,东南风,微风
2023/12/31,沈丘县,中国,晴,9.0,-3.0,东北风,微风
2023/12/31,冀州,中国,晴,5.0,-8.0,东北风,3~4级
2023/12/31,梁平,中国,多云,14.0,4.0,北风,微风
2023/12/31,玉屏,中国,小雨,10.0,6.0,东北风,微风
2023/12/31,佳木斯,中国,晴,-14.0,-24.0,东北风,微风
2023/12/31,通化,中国,晴,-5.0,-18.0,北风,微风
2023/12/31,涠洲,中国,多云,22.0,19.0,东风,4~5级
2023/12/31,长沙县,中国,晴,17.0,6.0,西北风,微风
2023/12/31,德州,中国,晴,4.0,-7.0,无持续风向,微风
2023/12/31,吉林,中国,阵雪,-10.0,-18.0,西北风,微风
2023/12/31,红原,中国,多云,5.0,-15.0,北风,微风
2023/12/31,麦盖提,中国,晴,4.0,-9.0,东北风,微风
2023/12/31,嫩江,中国,晴,-17.0,-24.0,西北风,3~4级
2023/12/31,武穴,中国,晴,14.0,2.0,无持续风向,微风
2023/12/31,建昌,中国,晴,-3.0,-14.0,北风,4~5级
2023/12/31,汉源,中国,多云,16.0,7.0,北风,微风
2023/12/31,灵丘,中国,晴,0.0,-14.0,东南风,微风
2023/12/31,定远,中国,晴,9.0,-3.0,东北风,微风
2023/12/31,顺义,中国,晴,4.0,-8.0,东南风,微风
2023/12/31,神池,中国,晴,0.0,-12.0,东风,3~4级
2023/12/31,横山,中国,晴,1.0,-9.0,东北风,微风
2023/12/31,徐水,中国,晴,5.0,-9.0,东南风,微风
2023/12/31,蕉岭,中国,多云,26.0,10.0,无持续风向,微风
2023/12/31,肇源,中国,多云,-13.0,-18.0,北风,微风
2023/12/31,宜丰,中国,晴,18.0,3.0,东风,微风
2023/12/31,新和,中国,晴,3.0,-11.0,东北风,微风
2023/12/31,文县,中国,晴,14.0,4.0,无持续风向,微风
2023/12/31,通河,中国,晴,-14.0,-27.0,东北风,微风
2023/12/31,乾县,中国,晴,6.0,-2.0,无持续风向,微风
2023/12/31,钟山,中国,多云,25.0,11.0,北风,微风
2023/12/31,宜宾,中国,阴,13.0,9.0,南风,微风
2023/12/31,沅江,中国,晴,15.0,5.0,北风,微风
2023/12/31,汝南县,中国,晴,9.0,-4.0,东北风,微风
2023/12/31,商都,中国,晴,-6.0,-18.0,西南风,3~4级
2023/12/31,彭阳,中国,晴,2.0,-9.0,无持续风向,微风
2023/12/31,金溪,中国,晴,20.0,5.0,西南风,微风
2023/12/31,茫崖,中国,晴,-2.0,-17.0,无持续风向,微风
2023/12/31,巴马,中国,多云,23.0,16.0,东南风,微风
2023/12/31,隰县,中国,晴,3.0,-7.0,东风,微风
2023/12/31,忠县,中国,多云,13.0,8.0,西北风,微风
2023/12/31,博罗,中国,多云,26.0,15.0,无持续风向,微风
2023/12/31,永春,中国,多云,25.0,10.0,无持续风向,微风
2023/12/31,芜湖,中国,晴,11.0,0.0,北风,微风
2023/12/31,库伦旗,中国,晴,-9.0,-15.0,北风,3~4级
2023/12/31,拜泉,中国,晴,-16.0,-22.0,北风,微风
2023/12/31,长兴,中国,晴,10.0,0.0,北风,3~4级
2023/12/31,白银,中国,晴,4.0,-10.0,无持续风向,微风
2023/12/31,华亭,中国,晴,4.0,-2.0,无持续风向,微风
2023/12/31,剑川,中国,晴,16.0,-2.0,无持续风向,微风
2023/12/31,温宿,中国,晴,3.0,-10.0,西风,微风
2023/12/31,南川,中国,小雨,14.0,6.0,东南风,微风
2023/12/31,江孜,中国,多云,4.0,-8.0,无持续风向,微风
2023/12/31,临邑,中国,晴,4.0,-6.0,无持续风向,微风
2023/12/31,康乐,中国,晴,9.0,-9.0,无持续风向,微风
2023/12/31,浦口,中国,晴,9.0,-1.0,北风,微风
2023/12/31,青川,中国,阴,10.0,1.0,北风,微风
2023/12/31,兴山,中国,晴,15.0,4.0,无持续风向,微风
2023/12/31,伊春,中国,晴,-16.0,-27.0,西北风,3~4级
2023/12/31,泗县,中国,晴,8.0,-4.0,北风,微风
2023/12/31,朝阳,中国,晴,-3.0,-15.0,北风,4~5级
2023/12/31,宝坻,中国,晴,3.0,-9.0,西北风,4~5级
2023/12/31,岚县,中国,晴,0.0,-13.0,东南风,微风
2023/12/31,江阴,中国,晴,8.0,0.0,北风,微风
2023/12/31,禹州,中国,晴,8.0,-4.0,东北风,微风
2023/12/31,融安,中国,小雨,21.0,12.0,北风,微风
2023/12/31,都江堰,中国,小雨,10.0,4.0,南风,微风
2023/12/31,琼海,中国,小雨,24.0,17.0,无持续风向,微风
2023/12/31,滦平,中国,多云,0.0,-14.0,北风,微风
2023/12/31,西平县,中国,晴,9.0,-4.0,东北风,微风
2023/12/31,阳新,中国,晴,14.0,2.0,无持续风向,微风
2023/12/31,晴隆,中国,多云,17.0,9.0,东南风,微风
2023/12/31,海盐,中国,晴,10.0,2.0,西北风,4~5级
2023/12/31,胡尔勒,中国,晴,-10.0,-19.0,西北风,3~4级
2023/12/31,柘荣,中国,多云,19.0,3.0,无持续风向,微风
2023/12/31,铜陵,中国,晴,11.0,0.0,东北风,3~4级
2023/12/31,巴雅尔吐胡硕,中国,晴,-9.0,-19.0,北风,3~4级
2023/12/31,阳信,中国,晴,3.0,-9.0,无持续风向,微风
2023/12/31,南溪,中国,阴,13.0,9.0,南风,微风
2023/12/31,曲水,中国,晴,7.0,-10.0,无持续风向,微风
2023/12/31,荣昌,中国,阴,12.0,8.0,东北风,微风
2023/12/31,沙雅,中国,晴,2.0,-11.0,东北风,微风
2023/12/31,大邑,中国,小雨,11.0,6.0,南风,微风
2023/12/31,宜君,中国,晴,4.0,0.0,东北风,微风
2023/12/31,恩平,中国,多云,26.0,16.0,无持续风向,微风
2023/12/31,进贤,中国,晴,15.0,4.0,西北风,微风
2023/12/31,灵宝,中国,晴,8.0,-2.0,东北风,微风
2023/12/31,元氏,中国,晴,3.0,-11.0,南风,微风
2023/12/31,灌南,中国,晴,5.0,-3.0,北风,微风
2023/12/31,宁都,中国,多云,22.0,9.0,东北风,微风
2023/12/31,龙里,中国,小雨,15.0,7.0,东南风,微风
2023/12/31,丰顺,中国,多云,28.0,12.0,无持续风向,微风
2023/12/31,柳江,中国,多云,24.0,14.0,北风,微风
2023/12/31,梁山,中国,多云,5.0,-5.0,无持续风向,微风
2023/12/31,呼玛,中国,阴,-23.0,-32.0,东风,微风
2023/12/31,大宁,中国,晴,5.0,-6.0,西风,微风
2023/12/31,华宁,中国,晴,18.0,5.0,无持续风向,微风
2023/12/31,弥勒,中国,晴,22.0,7.0,无持续风向,微风
2023/12/31,满都拉,中国,晴,-4.0,-13.0,西南风,3~4级
2023/12/31,错那,中国,多云,0.0,-12.0,西南风,5~6级
2023/12/31,无极,中国,晴,2.0,-10.0,南风,微风
2023/12/31,阳朔,中国,多云,23.0,13.0,北风,微风
2023/12/31,合肥,中国,晴,10.0,-2.0,东北风,微风
2023/12/31,获嘉县,中国,晴,7.0,-5.0,东风,微风
2023/12/31,巩留,中国,晴,3.0,-5.0,东南风,微风
2023/12/31,循化,中国,晴,8.0,-8.0,无持续风向,微风
2023/12/31,莫索湾,中国,多云,-3.0,-12.0,东南风,微风
2023/12/31,米泉,中国,晴,-4.0,-8.0,西南风,微风
2023/12/31,定襄,中国,晴,1.0,-12.0,西风,微风
2023/12/31,桐柏,中国,晴,10.0,-2.0,东风,微风
2023/12/31,雷州,中国,多云,25.0,16.0,无持续风向,微风
2023/12/31,偃师市,中国,晴,9.0,-1.0,东北风,微风
2023/12/31,高平,中国,晴,5.0,-9.0,南风,微风
2023/12/31,绥滨,中国,晴,-18.0,-27.0,西北风,微风
2023/12/31,海安,中国,晴,6.0,-1.0,北风,微风
2023/12/31,龙胜,中国,多云,21.0,13.0,北风,微风
2023/12/31,肇庆,中国,多云,25.0,15.0,无持续风向,微风
2023/12/31,黎城,中国,晴,4.0,-8.0,东风,3~4级
2023/12/31,三门,中国,晴,14.0,1.0,北风,4~5级
2023/12/31,梅县,中国,多云,26.0,12.0,无持续风向,微风
2023/12/31,伊克乌素,中国,晴,-1.0,-13.0,南风,微风
2023/12/31,建平,中国,晴,-4.0,-15.0,北风,4~5级
2023/12/31,巧家,中国,晴,23.0,12.0,无持续风向,微风
2023/12/31,塔中,中国,晴,4.0,-16.0,东风,微风
2023/12/31,兴宁,中国,多云,26.0,12.0,无持续风向,微风
2023/12/31,溆浦,中国,多云,17.0,6.0,东北风,3~4级
2023/12/31,青河,中国,晴,-11.0,-21.0,北风,微风
2023/12/31,韶关,中国,多云,23.0,10.0,无持续风向,微风
2023/12/31,壤塘,中国,晴,8.0,-11.0,北风,微风
2023/12/31,台北,中国,小雨,21.0,14.0,东北风,3~4级
2023/12/31,安平,中国,晴,5.0,-8.0,东风,3~4级
2023/12/31,龙岩,中国,晴,24.0,11.0,无持续风向,微风
2023/12/31,松滋,中国,阵雨,13.0,2.0,无持续风向,微风
2023/12/31,钓鱼岛,中国,多云,22.0,17.0,东北风,5~6级
2023/12/31,西华县,中国,晴,8.0,-4.0,东北风,微风
2023/12/31,武强,中国,晴,5.0,-8.0,东北风,3~4级
2023/12/31,酒泉,中国,晴,3.0,-11.0,无持续风向,微风
2023/12/31,本溪县,中国,阵雪,-8.0,-18.0,北风,3~4级
2023/12/31,东岗,中国,小雪,-5.0,-18.0,北风,微风
2023/12/31,织金,中国,多云,15.0,7.0,南风,微风
2023/12/31,吕梁,中国,晴,1.0,-8.0,东北风,微风
2023/12/31,遂溪,中国,多云,26.0,15.0,无持续风向,微风
2023/12/31,灵山,中国,多云,25.0,16.0,东风,微风
2023/12/31,呼图壁,中国,晴,-4.0,-9.0,西南风,微风
2023/12/31,波密,中国,晴,11.0,-5.0,无持续风向,微风
2023/12/31,周村,中国,晴,4.0,-8.0,无持续风向,微风
2023/12/31,延吉,中国,多云,-4.0,-17.0,西北风,微风
2023/12/31,同心,中国,晴,3.0,-10.0,无持续风向,微风
2023/12/31,正镶白旗,中国,多云,-10.0,-16.0,西南风,4~5级
2023/12/31,开原,中国,多云,-9.0,-21.0,北风,4~5级
2023/12/31,深圳,中国,多云,26.0,15.0,无持续风向,微风
2023/12/31,顺平,中国,晴,5.0,-9.0,南风,微风
2023/12/31,上饶,中国,晴,18.0,5.0,东风,微风
2023/12/31,开阳,中国,阵雨,14.0,7.0,南风,微风
2023/12/31,卓资,中国,晴,-6.0,-19.0,西南风,3~4级
2023/12/31,平顶山,中国,晴,8.0,-2.0,东风,微风
2023/12/31,余杭,中国,晴,11.0,1.0,北风,4~5级
2023/12/31,康县,中国,多云,10.0,0.0,无持续风向,微风
2023/12/31,翁源,中国,多云,25.0,9.0,无持续风向,微风
2023/12/31,桂平,中国,多云,26.0,17.0,东风,微风
2023/12/31,泰安,中国,晴,6.0,-7.0,无持续风向,微风
2023/12/31,吴江,中国,晴,9.0,1.0,北风,微风
2023/12/31,封开,中国,小雨,26.0,13.0,无持续风向,微风
2023/12/31,岗子,中国,晴,-5.0,-18.0,西北风,微风
2023/12/31,曲松,中国,晴,4.0,-10.0,无持续风向,微风
2023/12/31,小渠子,中国,晴,-4.0,-12.0,南风,微风
2023/12/31,武威,中国,晴,2.0,-7.0,无持续风向,微风
2023/12/31,齐齐哈尔,中国,晴,-13.0,-18.0,南风,微风
2023/12/31,南岳,中国,多云,13.0,4.0,北风,3~4级
2023/12/31,松桃,中国,小雨,11.0,6.0,东风,微风
2023/12/31,仁寿,中国,阴,13.0,7.0,南风,微风
2023/12/31,潞西,中国,晴,23.0,9.0,无持续风向,微风
2023/12/31,牟定,中国,晴,18.0,1.0,无持续风向,微风
2023/12/31,大埔,中国,多云,26.0,10.0,无持续风向,微风
2023/12/31,崇庆,中国,小雨,11.0,5.0,南风,微风
2023/12/31,政和,中国,晴,22.0,5.0,无持续风向,微风
2023/12/31,稷山,中国,晴,8.0,0.0,东风,3~4级
2023/12/31,张北,中国,晴,-7.0,-20.0,西北风,4~5级
2023/12/31,固阳,中国,晴,-5.0,-16.0,西南风,微风
2023/12/31,新绛,中国,晴,7.0,-2.0,东北风,3~4级
2023/12/31,祁县,中国,晴,3.0,-7.0,东北风,微风
2023/12/31,菏泽,中国,雾,7.0,-5.0,无持续风向,微风
2023/12/31,博克图,中国,阵雪,-12.0,-19.0,南风,微风
2023/12/31,二连浩特,中国,多云,-8.0,-17.0,西南风,4~5级
2023/12/31,虎林,中国,多云,-17.0,-25.0,北风,3~4级
2023/12/31,容城,中国,晴,5.0,-10.0,东北风,微风
2023/12/31,珙县,中国,阴,12.0,8.0,南风,微风
2023/12/31,长白,中国,小雪,-5.0,-23.0,西风,微风
2023/12/31,务川,中国,阴,10.0,6.0,东北风,微风
2023/12/31,临西,中国,晴,5.0,-8.0,北风,微风
2023/12/31,洪雅,中国,小雨,12.0,7.0,南风,微风
2023/12/31,遂昌,中国,晴,16.0,1.0,北风,3~4级
2023/12/31,红河,中国,晴,21.0,12.0,无持续风向,微风
2023/12/31,衡阳市,中国,多云,20.0,7.0,北风,微风
2023/12/31,沭阳,中国,晴,6.0,-4.0,北风,微风
2023/12/31,昆明,中国,晴,17.0,4.0,无持续风向,微风
2023/12/31,商河,中国,多云,3.0,-8.0,无持续风向,微风
2023/12/31,旬阳,中国,晴,14.0,1.0,东北风,微风
2023/12/31,临沂,中国,晴,6.0,-5.0,无持续风向,微风
2023/12/31,海拉尔,中国,多云,-15.0,-25.0,南风,微风
2023/12/31,乐清,中国,晴,19.0,4.0,东北风,5~6级
2023/12/31,盐亭,中国,阴,11.0,7.0,南风,微风
2023/12/31,鲁山,中国,晴,9.0,-3.0,东风,微风
2023/12/31,泊头,中国,晴,5.0,-6.0,东北风,3~4级
2023/12/31,简阳,中国,阴,12.0,8.0,南风,微风
2023/12/31,吉县,中国,晴,3.0,-4.0,西北风,微风
2023/12/31,临沭,中国,雨夹雪,6.0,-5.0,无持续风向,微风
2023/12/31,宜兰,中国,小雨,23.0,15.0,无持续风向,微风
2023/12/31,柳林,中国,晴,0.0,-8.0,西风,微风
2023/12/31,昌邑,中国,多云,2.0,-6.0,北风,3~4级
2023/12/31,桃江,中国,晴,14.0,5.0,北风,微风
2023/12/31,南城,中国,晴,21.0,5.0,西南风,微风
2023/12/31,宁洱,中国,晴,21.0,6.0,无持续风向,微风
2023/12/31,五指山,中国,多云,26.0,16.0,无持续风向,微风
2023/12/31,大同县,中国,晴,-2.0,-19.0,西南风,微风
2023/12/31,北海,中国,多云,24.0,18.0,东风,3~4级
2023/12/31,东阳,中国,晴,15.0,1.0,东北风,4~5级
2023/12/31,醴陵,中国,晴,20.0,6.0,东北风,微风
2023/12/31,宝应,中国,晴,7.0,-3.0,北风,微风
2023/12/31,蓬莱,中国,阴,0.0,-4.0,北风,4~5级
2023/12/31,博爱县,中国,晴,8.0,-2.0,东风,微风
2023/12/31,八宿,中国,晴,8.0,-5.0,无持续风向,微风
2023/12/31,北流,中国,多云,26.0,16.0,东风,微风
2023/12/31,武胜,中国,小雨,11.0,9.0,南风,微风
2023/12/31,于田,中国,晴,9.0,-8.0,西南风,微风
2023/12/31,孙吴,中国,晴,-17.0,-24.0,西北风,3~4级
2023/12/31,巍山,中国,晴,17.0,1.0,无持续风向,微风
2023/12/31,莘县,中国,晴,6.0,-7.0,无持续风向,微风
2023/12/31,商城,中国,晴,10.0,-1.0,东北风,微风
2023/12/31,焦作市,中国,晴,8.0,-2.0,东风,微风
2023/12/31,香格里拉,中国,晴,9.0,-10.0,无持续风向,微风
2023/12/31,秦安,中国,多云,10.0,-3.0,无持续风向,微风
2023/12/31,赵县,中国,晴,3.0,-11.0,南风,微风
2023/12/31,东安,中国,晴,19.0,9.0,东北风,微风
2023/12/31,北碚,中国,多云,11.0,8.0,北风,微风
2023/12/31,合江,中国,阴,13.0,8.0,南风,微风
2023/12/31,翼城,中国,晴,7.0,-3.0,西风,微风
2023/12/31,石屏,中国,晴,20.0,8.0,无持续风向,微风
2023/12/31,大港,中国,晴,2.0,-8.0,无持续风向,微风
2023/12/31,郸城县,中国,晴,8.0,-3.0,东北风,微风
2023/12/31,丹棱,中国,小雨,10.0,8.0,南风,微风
2023/12/31,阿瓦提,中国,晴,2.0,-11.0,东北风,微风
2023/12/31,广水,中国,晴,12.0,-1.0,无持续风向,微风
2023/12/31,河津,中国,晴,8.0,-1.0,东风,微风
2023/12/31,凤冈,中国,小雨,11.0,5.0,东北风,微风
2023/12/31,邵阳县,中国,晴,18.0,7.0,东风,微风
2023/12/31,龙游,中国,晴,17.0,1.0,东风,4~5级
2023/12/31,洪江,中国,多云,17.0,6.0,北风,微风
2023/12/31,集贤,中国,晴,-15.0,-25.0,西北风,微风
2023/12/31,崇阳,中国,晴,17.0,3.0,无持续风向,微风
2023/12/31,正宁,中国,晴,7.0,-2.0,无持续风向,微风
2023/12/31,蔡甸,中国,晴,14.0,2.0,无持续风向,微风
2023/12/31,平安,中国,晴,7.0,-10.0,无持续风向,微风
2023/12/31,马山,中国,多云,25.0,15.0,东风,微风
2023/12/31,揭阳,中国,多云,25.0,13.0,无持续风向,微风
2023/12/31,凯里,中国,小雨,14.0,7.0,北风,微风
2023/12/31,从江,中国,小雨,20.0,10.0,北风,微风
2023/12/31,八里罕,中国,晴,-5.0,-15.0,西北风,微风
2023/12/31,龙门,中国,多云,26.0,12.0,无持续风向,微风
2023/12/31,蒙阴,中国,晴,5.0,-6.0,无持续风向,微风
2023/12/31,开化,中国,晴,16.0,1.0,东北风,3~4级
2023/12/31,定日,中国,多云,3.0,-14.0,西风,5~6级
2023/12/31,奉化,中国,晴,13.0,2.0,北风,5~6级
2023/12/31,迁西,中国,晴,3.0,-10.0,东北风,微风
2023/12/31,内黄县,中国,晴,6.0,-5.0,东北风,微风
2023/12/31,莱芜,中国,多云,3.0,-6.0,无持续风向,微风
2023/12/31,加查,中国,晴,7.0,-6.0,无持续风向,微风
2023/12/31,石岛,中国,阴,2.0,-3.0,西北风,4~5级
2023/12/31,霸州,中国,晴,4.0,-12.0,北风,3~4级
2023/12/31,麻城,中国,晴,14.0,0.0,无持续风向,微风
2023/12/31,无锡,中国,晴,9.0,-1.0,北风,微风
2023/12/31,惠州,中国,多云,25.0,15.0,无持续风向,微风
2023/12/31,宁陕,中国,晴,13.0,0.0,东北风,微风
2023/12/31,雄县,中国,晴,5.0,-9.0,东北风,微风
2023/12/31,平武,中国,多云,13.0,4.0,南风,微风
2023/12/31,保靖,中国,晴,15.0,5.0,东北风,微风
2023/12/31,安多,中国,多云,-5.0,-18.0,西风,5~6级
2023/12/31,永德,中国,晴,17.0,8.0,无持续风向,微风
2023/12/31,夹江,中国,小雨,11.0,8.0,南风,微风
2023/12/31,宽甸,中国,晴,-2.0,-17.0,北风,5~6级
2023/12/31,炮台,中国,多云,-3.0,-11.0,东南风,微风
2023/12/31,东乡,中国,晴,20.0,5.0,西南风,微风
2023/12/31,霍城,中国,晴,1.0,-6.0,东北风,微风
2023/12/31,丹东,中国,晴,-2.0,-13.0,北风,5~6级
2023/12/31,长春,中国,晴,-11.0,-17.0,北风,微风
2023/12/31,乡城,中国,晴,12.0,-5.0,北风,微风
2023/12/31,信丰,中国,多云,23.0,10.0,北风,微风
2023/12/31,临泉,中国,晴,10.0,-3.0,东北风,微风
2023/12/31,会同,中国,多云,17.0,6.0,北风,微风
2023/12/31,庆城,中国,晴,7.0,-5.0,无持续风向,微风
2023/12/31,叙永,中国,阴,13.0,8.0,南风,微风
2023/12/31,乐安,中国,晴,22.0,4.0,西南风,微风
2023/12/31,集宁,中国,晴,-5.0,-17.0,西南风,3~4级
2023/12/31,无棣,中国,晴,3.0,-7.0,无持续风向,微风
2023/12/31,雷山,中国,小雨,13.0,6.0,北风,微风
2023/12/31,桑日,中国,晴,9.0,-8.0,无持续风向,微风
2023/12/31,垫江,中国,多云,13.0,5.0,北风,微风
2023/12/31,且末,中国,晴,6.0,-11.0,西北风,微风
2023/12/31,云霄,中国,晴,25.0,13.0,无持续风向,微风
2023/12/31,阿拉山口,中国,多云,-4.0,-7.0,东南风,微风
2023/12/31,安岳,中国,阴,11.0,7.0,南风,微风
2023/12/31,乌海,中国,多云,2.0,-13.0,西南风,微风
2023/12/31,夏邑,中国,晴,8.0,-3.0,东北风,微风
2023/12/31,宜昌,中国,晴,13.0,3.0,无持续风向,微风
2023/12/31,黔江,中国,多云,14.0,4.0,东南风,微风
2023/12/31,西宁,中国,晴,7.0,-10.0,无持续风向,微风
2023/12/31,平顺,中国,晴,3.0,-9.0,东北风,微风
2023/12/31,金寨,中国,晴,11.0,-1.0,东北风,微风
2023/12/31,龙口,中国,阴,1.0,-5.0,北风,4~5级
2023/12/31,枝江,中国,晴,14.0,3.0,无持续风向,微风
2023/12/31,六安,中国,晴,11.0,-1.0,东北风,微风
2023/12/31,湘江新区,中国,晴,16.0,6.0,北风,微风
2023/12/31,万年,中国,晴,13.0,4.0,南风,微风
2023/12/31,滨州,中国,晴,3.0,-8.0,无持续风向,微风
2023/12/31,色达,中国,晴,3.0,-15.0,北风,微风
2023/12/31,霍林郭勒,中国,晴,-13.0,-18.0,北风,3~4级
2023/12/31,鹿邑县,中国,晴,8.0,-3.0,东北风,微风
2023/12/31,万宁,中国,小雨,25.0,18.0,无持续风向,微风
2023/12/31,开远,中国,晴,24.0,10.0,无持续风向,微风
2023/12/31,象山,中国,晴,13.0,5.0,北风,5~6级
2023/12/31,周口,中国,晴,9.0,-2.0,东北风,微风
2023/12/31,内乡,中国,多云,10.0,-2.0,东南风,微风
2023/12/31,长沙,中国,多云,18.0,6.0,北风,微风
2023/12/31,吉木萨尔,中国,晴,-4.0,-12.0,北风,微风
2023/12/31,嘉祥,中国,多云,7.0,-6.0,无持续风向,微风
2023/12/31,嘉定,中国,晴,9.0,2.0,无持续风向,微风
2023/12/31,清河,中国,晴,4.0,-10.0,北风,微风
2023/12/31,来安,中国,晴,9.0,-3.0,东北风,3~4级
2023/12/31,长汀,中国,晴,24.0,7.0,无持续风向,微风
2023/12/31,那曲,中国,多云,0.0,-16.0,西北风,5~6级
2023/12/31,三河,中国,晴,3.0,-10.0,北风,3~4级
2023/12/31,久治,中国,晴,4.0,-15.0,无持续风向,微风
2023/12/31,遂川,中国,晴,20.0,8.0,西风,微风
2023/12/31,荔浦,中国,多云,24.0,13.0,北风,微风
2023/12/31,利川,中国,晴,13.0,3.0,无持续风向,微风
2023/12/31,浦东,中国,多云,9.0,3.0,无持续风向,微风
2023/12/31,溧水,中国,晴,9.0,-2.0,北风,微风
2023/12/31,孟津县,中国,晴,8.0,-1.0,东北风,微风
2023/12/31,张家港,中国,晴,9.0,0.0,北风,微风
2023/12/31,三穗,中国,阴,15.0,6.0,北风,微风
2023/12/31,措勤,中国,多云,-1.0,-14.0,西风,6~7级
2023/12/31,苏尼特左旗,中国,多云,-10.0,-18.0,西南风,4~5级
2023/12/31,思茅,中国,晴,20.0,8.0,无持续风向,微风
2023/12/31,柯坪,中国,晴,2.0,-9.0,南风,微风
2023/12/31,隆安,中国,多云,25.0,17.0,东风,微风
2023/12/31,昭平,中国,多云,25.0,14.0,北风,微风
2023/12/31,眉县,中国,晴,3.0,0.0,西南风,微风
2023/12/31,乐业,中国,多云,18.0,13.0,东南风,微风
2023/12/31,集安,中国,晴,-2.0,-14.0,东南风,微风
2023/12/31,北川,中国,小雨,11.0,6.0,南风,微风
2023/12/31,河口县,中国,多云,24.0,17.0,无持续风向,微风
2023/12/31,大荔,中国,晴,6.0,-2.0,东北风,微风
2023/12/31,枣阳,中国,晴,11.0,0.0,无持续风向,微风
2023/12/31,阿巴嘎旗,中国,多云,-13.0,-20.0,西南风,4~5级
2023/12/31,新龙,中国,晴,10.0,-8.0,北风,微风
2023/12/31,宜宾县,中国,阴,11.0,9.0,南风,微风
2023/12/31,福清,中国,多云,21.0,11.0,东北风,3~4级
2023/12/31,天柱,中国,阴,16.0,7.0,北风,微风
2023/12/31,驻马店市,中国,晴,9.0,-4.0,东北风,微风
2023/12/31,莫力达瓦旗,中国,晴,-16.0,-27.0,南风,微风
2023/12/31,澳门,中国,多云,26.0,17.0,无持续风向,微风
2023/12/31,通山,中国,晴,16.0,2.0,无持续风向,微风
2023/12/31,嘉禾,中国,多云,22.0,10.0,东北风,微风
2023/12/31,蕲春,中国,晴,15.0,0.0,无持续风向,微风
2023/12/31,漯河市,中国,晴,9.0,-4.0,东北风,微风
2023/12/31,固镇,中国,晴,9.0,-4.0,北风,微风
2023/12/31,南京,中国,晴,8.0,-1.0,北风,微风
2023/12/31,汕头,中国,多云,26.0,15.0,东风,3~4级
2023/12/31,秦皇岛,中国,晴,1.0,-10.0,北风,3~4级
2023/12/31,双牌,中国,晴,20.0,9.0,北风,微风
2023/12/31,太谷,中国,晴,2.0,-9.0,北风,微风
2023/12/31,襄垣,中国,晴,2.0,-7.0,东风,微风
2023/12/31,保康,中国,晴,13.0,0.0,无持续风向,微风
2023/12/31,富裕,中国,晴,-15.0,-19.0,南风,微风
2023/12/31,香港,中国,多云,24.0,18.0,无持续风向,微风
2023/12/31,辰溪,中国,多云,16.0,7.0,东北风,微风
2023/12/31,崇明,中国,多云,7.0,2.0,无持续风向,微风
2023/12/31,旅顺,中国,多云,-3.0,-6.0,北风,6~7级
2023/12/31,蓝山,中国,晴,21.0,10.0,北风,微风
2023/12/31,赫章,中国,多云,18.0,5.0,南风,微风
2023/12/31,墨江,中国,晴,20.0,7.0,无持续风向,微风
2023/12/31,定边,中国,晴,5.0,-8.0,西南风,微风
2023/12/31,景宁,中国,多云,17.0,2.0,北风,3~4级
2023/12/31,平度,中国,晴,1.0,-6.0,北风,4~5级
2023/12/31,封丘县,中国,晴,7.0,-5.0,东北风,微风
2023/12/31,绛县,中国,晴,6.0,-3.0,东南风,微风
2023/12/31,宁乡,中国,晴,16.0,6.0,北风,微风
2023/12/31,新兴,中国,多云,25.0,14.0,无持续风向,微风
2023/12/31,阿勒泰,中国,多云,-5.0,-9.0,南风,微风
2023/12/31,扎囊,中国,晴,7.0,-8.0,无持续风向,微风
2023/12/31,罗源,中国,多云,20.0,8.0,无持续风向,微风
2023/12/31,额济纳旗,中国,晴,-1.0,-12.0,西风,微风
2023/12/31,宝丰,中国,晴,9.0,-3.0,东风,微风
2023/12/31,盐津,中国,阵雨,15.0,9.0,无持续风向,微风
2023/12/31,邢台,中国,晴,5.0,-5.0,北风,微风
2023/12/31,尼木,中国,多云,5.0,-12.0,无持续风向,微风
2023/12/31,钦州,中国,多云,25.0,17.0,东风,微风
2023/12/31,漳州,中国,晴,26.0,13.0,无持续风向,微风
2023/12/31,聂荣,中国,多云,-5.0,-21.0,东南风,5~6级
2023/12/31,东莞,中国,阴,24.0,15.0,无持续风向,微风
2023/12/31,玉树,中国,晴,4.0,-17.0,无持续风向,微风
2023/12/31,昔阳,中国,晴,5.0,-10.0,东风,微风
2023/12/31,清丰县,中国,晴,5.0,-5.0,东北风,微风
2023/12/31,天水,中国,多云,10.0,0.0,无持续风向,微风
2023/12/31,尉氏,中国,晴,8.0,-4.0,东北风,微风
2023/12/31,甘洛,中国,晴,20.0,7.0,北风,微风
2023/12/31,宣恩,中国,晴,16.0,6.0,无持续风向,微风
2023/12/31,理塘,中国,晴,4.0,-12.0,北风,微风
2023/12/31,喀喇沁旗,中国,晴,-5.0,-15.0,西北风,微风
2023/12/31,天等,中国,多云,23.0,14.0,东风,微风
2023/12/31,来宾,中国,多云,25.0,14.0,北风,微风
2023/12/31,佛坪,中国,多云,12.0,1.0,东北风,微风
2023/12/31,华县,中国,晴,5.0,-3.0,东北风,微风
2023/12/31,蠡县,中国,晴,5.0,-8.0,东风,微风
2023/12/31,涟水,中国,晴,7.0,-3.0,东北风,3~4级
2023/12/31,密山,中国,多云,-13.0,-25.0,西北风,微风
2023/12/31,开封市,中国,晴,7.0,-4.0,东北风,微风
2023/12/31,冕宁,中国,晴,17.0,3.0,北风,微风
2023/12/31,宜都,中国,晴,14.0,3.0,无持续风向,微风
2023/12/31,南召,中国,晴,9.0,-3.0,东风,微风
2023/12/31,怀安,中国,晴,-2.0,-13.0,西北风,3~4级
2023/12/31,通城,中国,阵雨,19.0,1.0,无持续风向,微风
2023/12/31,廊坊,中国,晴,4.0,-8.0,北风,3~4级
2023/12/31,乌恰,中国,晴,5.0,-7.0,西风,微风
2023/12/31,岚皋,中国,多云,14.0,2.0,无持续风向,微风
2023/12/31,崇仁,中国,晴,21.0,3.0,东南风,微风
2023/12/31,云县,中国,晴,22.0,7.0,无持续风向,微风
2023/12/31,灵武,中国,晴,3.0,-10.0,无持续风向,微风
2023/12/31,万源,中国,晴,15.0,4.0,南风,微风
2023/12/31,仁和,中国,晴,22.0,6.0,北风,微风
2023/12/31,温江,中国,阴,11.0,5.0,南风,微风
2023/12/31,三明,中国,晴,23.0,10.0,无持续风向,微风
2023/12/31,龙泉,中国,晴,19.0,2.0,东风,3~4级
2023/12/31,和田,中国,晴,8.0,-7.0,西南风,微风
2023/12/31,黄平,中国,小雨,13.0,6.0,北风,微风
2023/12/31,富蕴,中国,晴,-6.0,-10.0,西南风,微风
2023/12/31,瑞安,中国,晴,21.0,3.0,东风,4~5级
2023/12/31,金平,中国,多云,18.0,12.0,无持续风向,微风
2023/12/31,昌平,中国,晴,5.0,-9.0,西北风,微风
2023/12/31,南木林,中国,多云,2.0,-9.0,无持续风向,微风
2023/12/31,东乌珠穆沁旗,中国,多云,-12.0,-19.0,西南风,4~5级
2023/12/31,富平,中国,晴,6.0,-3.0,东北风,微风
2023/12/31,个旧,中国,晴,16.0,9.0,南风,3~4级
2023/12/31,阜宁,中国,晴,5.0,-2.0,北风,微风
2023/12/31,吉安,中国,晴,20.0,7.0,北风,微风
2023/12/31,茂名,中国,多云,26.0,16.0,无持续风向,微风
2023/12/31,沙县,中国,晴,23.0,10.0,无持续风向,微风
2023/12/31,滕州,中国,晴,7.0,-5.0,无持续风向,微风
2023/12/31,洛宁县,中国,晴,8.0,-3.0,东北风,微风
2023/12/31,东方,中国,多云,26.0,19.0,无持续风向,微风
2023/12/31,清原,中国,阵雪,-7.0,-21.0,北风,4~5级
2023/12/31,通许,中国,晴,7.0,-4.0,东北风,微风
2023/12/31,中沙,中国,小雨,27.0,25.0,东北风,4~5级
2023/12/31,东山,中国,晴,22.0,14.0,东北风,4~5级
2023/12/31,新建,中国,晴,16.0,3.0,北风,微风
2023/12/31,陵水,中国,多云,28.0,18.0,无持续风向,微风
2023/12/31,雅江,中国,晴,14.0,-5.0,北风,微风
2023/12/31,无为,中国,晴,11.0,-1.0,东北风,微风
2023/12/31,平昌,中国,小雨,14.0,8.0,北风,微风
2023/12/31,汪清,中国,晴,-5.0,-21.0,西北风,微风
2023/12/31,洛南,中国,晴,10.0,-5.0,西南风,微风
2023/12/31,肃宁,中国,晴,5.0,-10.0,东北风,3~4级
2023/12/31,科尔沁左翼后旗,中国,晴,-10.0,-17.0,北风,3~4级
2023/12/31,花都,中国,多云,25.0,15.0,无持续风向,微风
2023/12/31,永川,中国,阴,12.0,8.0,东北风,微风
2023/12/31,寿光,中国,多云,3.0,-7.0,无持续风向,微风
2023/12/31,花莲,中国,大雨,22.0,16.0,东北风,3~4级
2023/12/31,同江,中国,晴,-18.0,-27.0,东北风,微风
2023/12/31,防城,中国,多云,26.0,18.0,东南风,微风
2023/12/31,平远,中国,多云,25.0,9.0,无持续风向,微风
2023/12/31,龙江,中国,晴,-13.0,-17.0,南风,微风
2023/12/31,岑溪,中国,阵雨,25.0,15.0,北风,微风
2023/12/31,武邑,中国,晴,5.0,-8.0,东北风,3~4级
2023/12/31,神农架,中国,晴,11.0,1.0,无持续风向,微风
2023/12/31,于都,中国,多云,23.0,10.0,东北风,微风
2023/12/31,曲阳,中国,晴,6.0,-8.0,东南风,微风
2023/12/31,洛浦,中国,晴,8.0,-7.0,西风,微风
2023/12/31,甘孜,中国,晴,8.0,-9.0,北风,微风
2023/12/31,阿克陶,中国,晴,3.0,-9.0,北风,微风
2023/12/31,冷湖,中国,多云,-1.0,-18.0,无持续风向,微风
2023/12/31,信宜,中国,多云,27.0,16.0,无持续风向,微风
2023/12/31,称多,中国,晴,-3.0,-20.0,无持续风向,微风
2023/12/31,巴林左旗,中国,晴,-6.0,-13.0,西北风,微风
2023/12/31,鄂托克前旗,中国,晴,2.0,-13.0,南风,微风
2023/12/31,沂源,中国,晴,3.0,-6.0,无持续风向,微风
2023/12/31,盐边,中国,晴,23.0,6.0,北风,微风
2023/12/31,含山,中国,晴,10.0,-3.0,东北风,微风
2023/12/31,新巴尔虎右旗,中国,多云,-14.0,-22.0,南风,3~4级
2023/12/31,瑞昌,中国,晴,13.0,2.0,北风,微风
2023/12/31,民丰,中国,晴,9.0,-9.0,西风,微风
2023/12/31,朔州,中国,晴,-1.0,-13.0,东风,微风
2023/12/31,昌都,中国,晴,8.0,-10.0,无持续风向,微风
2023/12/31,呼兰,中国,晴,-15.0,-27.0,东北风,微风
2023/12/31,保亭,中国,多云,28.0,17.0,无持续风向,微风
2023/12/31,普宁,中国,多云,26.0,13.0,无持续风向,微风
2023/12/31,道孚,中国,晴,10.0,-9.0,北风,微风
2023/12/31,陈仓,中国,晴,6.0,0.0,无持续风向,微风
2023/12/31,鄂州,中国,晴,15.0,2.0,无持续风向,微风
2023/12/31,长葛,中国,晴,8.0,-5.0,东北风,微风
2023/12/31,黄山市,中国,晴,14.0,0.0,东北风,微风
2023/12/31,云龙,中国,晴,19.0,1.0,无持续风向,微风
2023/12/31,德保,中国,多云,23.0,16.0,东南风,微风
2023/12/31,鄢陵,中国,晴,8.0,-5.0,东北风,微风
2023/12/31,绥化,中国,晴,-15.0,-22.0,北风,微风
2023/12/31,随州,中国,晴,12.0,-2.0,无持续风向,微风
2023/12/31,邻水,中国,小雨,12.0,8.0,南风,微风
2023/12/31,二道,中国,小雪,-6.0,-22.0,西北风,微风
2023/12/31,志丹,中国,晴,5.0,-11.0,东北风,微风
2023/12/31,高邮,中国,晴,6.0,-1.0,北风,微风
2023/12/31,巨野,中国,雾,7.0,-6.0,无持续风向,微风
2023/12/31,宕昌,中国,晴,12.0,-3.0,无持续风向,微风
2023/12/31,汶川,中国,晴,14.0,1.0,南风,微风
2023/12/31,仁布,中国,多云,4.0,-9.0,无持续风向,微风
2023/12/31,天镇,中国,晴,-2.0,-15.0,南风,微风
2023/12/31,徐闻,中国,多云,26.0,18.0,无持续风向,微风
2023/12/31,代县,中国,晴,0.0,-12.0,东北风,微风
2023/12/31,增城,中国,多云,25.0,15.0,无持续风向,微风
2023/12/31,沈阳,中国,多云,-8.0,-19.0,北风,4~5级
2023/12/31,阳原,中国,晴,-2.0,-13.0,西北风,3~4级
2023/12/31,达尔罕茂明安联合旗,中国,晴,-3.0,-14.0,西南风,3~4级
2023/12/31,建始,中国,晴,16.0,6.0,无持续风向,微风
2023/12/31,庆元,中国,晴,19.0,4.0,东风,3~4级
2023/12/31,芦山,中国,小雨,13.0,6.0,北风,微风
2023/12/31,兴和,中国,晴,-6.0,-17.0,西南风,3~4级
2023/12/31,金沙,中国,阵雨,10.0,5.0,东风,微风
2023/12/31,兰溪,中国,晴,17.0,2.0,东风,3~4级
2023/12/31,扎赉特旗,中国,晴,-11.0,-17.0,西北风,3~4级
2023/12/31,化州,中国,多云,26.0,16.0,无持续风向,微风
2023/12/31,咸宁,中国,晴,16.0,2.0,无持续风向,微风
2023/12/31,崇左,中国,多云,25.0,18.0,东风,微风
2023/12/31,达坂城,中国,晴,-2.0,-11.0,东南风,微风
2023/12/31,广河,中国,晴,8.0,-14.0,无持续风向,微风
2023/12/31,禹城,中国,晴,4.0,-7.0,无持续风向,微风
2023/12/31,博白,中国,多云,26.0,16.0,东风,微风
2023/12/31,宁德,中国,多云,19.0,9.0,无持续风向,微风
2023/12/31,滨海新区,中国,晴,3.0,-6.0,西北风,4~5级
2023/12/31,鄱阳,中国,晴,16.0,4.0,西北风,微风
2023/12/31,古蔺,中国,小雨,13.0,7.0,北风,微风
2023/12/31,栾城,中国,晴,4.0,-6.0,南风,微风
2023/12/31,巴音布鲁克,中国,晴,-11.0,-19.0,南风,微风
2023/12/31,依兰,中国,晴,-15.0,-24.0,东北风,微风
2023/12/31,定陶,中国,雾,7.0,-5.0,无持续风向,微风
2023/12/31,玉林,中国,多云,26.0,16.0,东风,微风
2023/12/31,康定,中国,晴,11.0,-3.0,北风,微风
2023/12/31,临县,中国,晴,0.0,-9.0,东北风,微风
2023/12/31,信阳市,中国,晴,10.0,-1.0,东北风,微风
2023/12/31,南宁,中国,多云,25.0,16.0,东风,微风
2023/12/31,绥江,中国,阵雨,13.0,10.0,无持续风向,微风
2023/12/31,涟源,中国,晴,18.0,6.0,北风,微风
2023/12/31,布拖,中国,晴,13.0,0.0,北风,微风
2023/12/31,应县,中国,晴,-2.0,-14.0,东北风,微风
2023/12/31,裕民,中国,多云,-2.0,-5.0,东南风,微风
2023/12/31,临江,中国,多云,-5.0,-19.0,东南风,微风
2023/12/31,华阴,中国,晴,7.0,-2.0,东北风,微风
2023/12/31,衡东,中国,多云,20.0,6.0,北风,微风
2023/12/31,贞丰,中国,多云,17.0,11.0,东南风,微风
2023/12/31,黎平,中国,阴,17.0,7.0,北风,微风
2023/12/31,光泽,中国,晴,20.0,3.0,无持续风向,微风
2023/12/31,歙县,中国,晴,14.0,0.0,北风,3~4级
2023/12/31,正定,中国,晴,4.0,-5.0,南风,微风
2023/12/31,乌拉特中旗,中国,晴,-5.0,-14.0,西南风,3~4级
2023/12/31,桃园,中国,阴,21.0,15.0,东北风,4~5级
2023/12/31,柳州,中国,多云,25.0,14.0,北风,微风
2023/12/31,泽库,中国,晴,2.0,-19.0,无持续风向,微风
2023/12/31,长寿,中国,多云,10.0,7.0,西北风,微风
2023/12/31,乌拉特后旗,中国,晴,-3.0,-10.0,西南风,微风
2023/12/31,萨迦,中国,多云,2.0,-11.0,无持续风向,微风
2023/12/31,崇武,中国,晴,22.0,13.0,东北风,5~6级
2023/12/31,蓬安,中国,小雨,10.0,9.0,南风,微风
2023/12/31,开县,中国,多云,14.0,7.0,东风,微风
2023/12/31,肇州,中国,多云,-14.0,-19.0,北风,微风
2023/12/31,郁南,中国,多云,25.0,14.0,无持续风向,微风
2023/12/31,岳普湖,中国,晴,3.0,-10.0,东北风,微风
2023/12/31,新县,中国,晴,10.0,-1.0,东北风,微风
2023/12/31,珲春,中国,晴,-2.0,-16.0,西北风,微风
2023/12/31,鹿寨,中国,多云,24.0,14.0,北风,微风
2023/12/31,邓州,中国,晴,10.0,-2.0,东风,微风
2023/12/31,新乡市,中国,晴,6.0,-5.0,东北风,微风
2023/12/31,平谷,中国,晴,5.0,-11.0,北风,微风
2023/12/31,景德镇,中国,晴,18.0,3.0,南风,微风
2023/12/31,宁明,中国,多云,24.0,16.0,东风,微风
2023/12/31,崇礼,中国,晴,-6.0,-17.0,西北风,3~4级
2023/12/31,武都,中国,晴,14.0,4.0,无持续风向,微风
2023/12/31,绥宁,中国,晴,20.0,8.0,东北风,微风
2023/12/31,白河,中国,晴,10.0,0.0,东北风,微风
2023/12/31,舍伯吐,中国,晴,-9.0,-15.0,北风,3~4级
2023/12/31,定结,中国,多云,4.0,-12.0,西南风,5~6级
2023/12/31,赤峰,中国,晴,-5.0,-13.0,西北风,微风
2023/12/31,雷波,中国,小雨,13.0,5.0,北风,微风
2023/12/31,武清,中国,晴,3.0,-8.0,西北风,4~5级
2023/12/31,百色,中国,多云,26.0,17.0,东南风,微风
2023/12/31,宁冈,中国,晴,20.0,7.0,西北风,微风
2023/12/31,蔡家湖,中国,晴,-5.0,-10.0,东风,微风
2023/12/31,南澳,中国,多云,24.0,14.0,东风,3~4级
2023/12/31,南漳,中国,晴,11.0,0.0,无持续风向,微风
2023/12/31,仪征,中国,晴,7.0,-3.0,北风,微风
2023/12/31,德化,中国,多云,22.0,7.0,无持续风向,微风
2023/12/31,息烽,中国,阵雨,14.0,7.0,南风,微风
2023/12/31,珠峰大本营,中国,晴,-2.0,-14.0,无持续风向,微风
2023/12/31,卫辉市,中国,晴,6.0,-5.0,东北风,微风
2023/12/31,鞍山,中国,多云,-6.0,-15.0,南风,4~5级
2023/12/31,苍梧,中国,多云,25.0,15.0,北风,微风
2023/12/31,阳泉,中国,晴,3.0,-9.0,东风,微风
2023/12/31,固安,中国,晴,4.0,-12.0,北风,3~4级
2023/12/31,长垣县,中国,晴,7.0,-5.0,东北风,微风
2023/12/31,乌拉特前旗,中国,晴,0.0,-10.0,西南风,微风
2023/12/31,宁城,中国,晴,-6.0,-14.0,西北风,微风
2023/12/31,阜城,中国,晴,5.0,-9.0,东北风,3~4级
2023/12/31,博湖,中国,晴,0.0,-14.0,南风,微风
2023/12/31,永胜,中国,多云,14.0,0.0,无持续风向,微风
2023/12/31,上林,中国,多云,25.0,15.0,东风,微风
2023/12/31,瓮安,中国,小雨,11.0,4.0,东南风,微风
2023/12/31,睢县,中国,晴,7.0,-4.0,东北风,微风
2023/12/31,台安,中国,晴,-6.0,-18.0,南风,5~6级
2023/12/31,北辰,中国,晴,3.0,-8.0,西北风,4~5级
2023/12/31,盘山,中国,多云,-6.0,-17.0,北风,4~5级
2023/12/31,禄劝,中国,晴,18.0,1.0,无持续风向,微风
2023/12/31,勐海,中国,晴,22.0,7.0,无持续风向,微风
2023/12/31,宿迁,中国,晴,6.0,-3.0,东北风,微风
2023/12/31,临颍县,中国,晴,9.0,-4.0,东北风,微风
2023/12/31,奉新,中国,晴,17.0,2.0,西风,微风
2023/12/31,扶余,中国,晴,-13.0,-27.0,北风,微风
2023/12/31,勃利,中国,晴,-14.0,-23.0,北风,3~4级
2023/12/31,昂仁,中国,多云,3.0,-13.0,无持续风向,微风
2023/12/31,横县,中国,多云,25.0,17.0,东风,微风
2023/12/31,耒阳,中国,多云,20.0,8.0,北风,微风
2023/12/31,夏县,中国,晴,9.0,-2.0,东风,微风
2023/12/31,资中,中国,阴,12.0,8.0,南风,微风
2023/12/31,娄烦,中国,晴,2.0,-12.0,东北风,微风
2023/12/31,石台,中国,晴,13.0,-2.0,东北风,微风
2023/12/31,新津,中国,小雨,11.0,6.0,南风,微风
2023/12/31,太原北郊,中国,晴,4.0,-9.0,东北风,微风
2023/12/31,锦屏,中国,阴,17.0,7.0,北风,微风
2023/12/31,岳阳,中国,晴,16.0,5.0,东北风,微风
2023/12/31,杞县,中国,晴,8.0,-4.0,东北风,微风
2023/12/31,民勤,中国,晴,2.0,-9.0,无持续风向,微风
2023/12/31,谢通门,中国,多云,6.0,-10.0,无持续风向,微风
2023/12/31,五寨,中国,晴,-1.0,-13.0,西风,微风
2023/12/31,河源,中国,多云,25.0,13.0,无持续风向,微风
2023/12/31,明溪,中国,晴,23.0,7.0,无持续风向,微风
2023/12/31,罗平,中国,多云,19.0,8.0,无持续风向,微风
2023/12/31,广饶,中国,多云,4.0,-9.0,无持续风向,微风
2023/12/31,抚州,中国,晴,20.0,5.0,西南风,微风
2023/12/31,东阿,中国,晴,5.0,-7.0,无持续风向,微风
2023/12/31,永嘉,中国,晴,20.0,2.0,北风,3~4级
2023/12/31,桂林,中国,多云,21.0,12.0,北风,微风
2023/12/31,榆林,中国,晴,0.0,-8.0,东北风,微风
2023/12/31,沅陵,中国,多云,15.0,6.0,东北风,3~4级
2023/12/31,福泉,中国,小雨,13.0,5.0,东北风,微风
2023/12/31,金昌,中国,晴,3.0,-9.0,无持续风向,微风
2023/12/31,永丰,中国,晴,20.0,5.0,南风,微风
2023/12/31,陵县,中国,晴,3.0,-9.0,无持续风向,微风
2023/12/31,万州,中国,多云,13.0,8.0,东风,微风
2023/12/31,玉溪,中国,晴,18.0,4.0,无持续风向,微风
2023/12/31,单县,中国,雾,8.0,-4.0,无持续风向,微风
2023/12/31,磐石,中国,多云,-8.0,-21.0,西北风,微风
2023/12/31,建湖,中国,晴,6.0,-2.0,北风,微风
2023/12/31,昌乐,中国,多云,2.0,-8.0,无持续风向,微风
2023/12/31,朗县,中国,多云,12.0,-4.0,无持续风向,微风
2023/12/31,巴林右旗,中国,晴,-6.0,-15.0,西北风,微风
2023/12/31,浮梁,中国,晴,18.0,2.0,南风,微风
2023/12/31,曲阜,中国,多云,7.0,-5.0,无持续风向,微风
2023/12/31,渑池,中国,晴,8.0,-3.0,东风,微风
2023/12/31,澧县,中国,晴,15.0,5.0,北风,微风
2023/12/31,岐山,中国,晴,5.0,-2.0,西南风,微风
2023/12/31,肥城,中国,晴,5.0,-6.0,无持续风向,微风
2023/12/31,泗水,中国,多云,6.0,-6.0,无持续风向,微风
2023/12/31,潞城,中国,晴,3.0,-7.0,东北风,3~4级
2023/12/31,澄城,中国,晴,5.0,-2.0,东北风,3~4级
2023/12/31,绩溪,中国,晴,14.0,-1.0,北风,3~4级
2023/12/31,会理,中国,晴,18.0,2.0,南风,微风
2023/12/31,湖州,中国,晴,10.0,0.0,北风,4~5级
2023/12/31,阿合奇,中国,晴,2.0,-9.0,西北风,微风
2023/12/31,高碑店,中国,晴,4.0,-9.0,北风,微风
2023/12/31,乌斯太,中国,晴,1.0,-8.0,西风,微风
2023/12/31,通辽,中国,晴,-9.0,-16.0,北风,3~4级
2023/12/31,修水,中国,晴,16.0,1.0,北风,微风
2023/12/31,汤阴县,中国,晴,6.0,-5.0,东北风,微风
2023/12/31,铜鼓,中国,晴,19.0,2.0,西风,微风
2023/12/31,思南,中国,小雨,10.0,6.0,北风,微风
2023/12/31,印江,中国,小雨,9.0,5.0,西北风,微风
2023/12/31,峨山,中国,晴,19.0,4.0,无持续风向,微风
2023/12/31,井研,中国,阴,11.0,7.0,南风,微风
2023/12/31,宝鸡,中国,多云,4.0,0.0,西南风,微风
2023/12/31,胶州,中国,晴,2.0,-6.0,北风,4~5级
2023/12/31,赤壁,中国,晴,16.0,4.0,无持续风向,微风
2023/12/31,涿州,中国,晴,5.0,-9.0,南风,微风
2023/12/31,孪井滩,中国,晴,1.0,-11.0,西风,微风
2023/12/31,淮南,中国,晴,9.0,-2.0,东北风,微风
2023/12/31,安顺,中国,多云,13.0,9.0,南风,微风
2023/12/31,台南,中国,多云,27.0,14.0,无持续风向,微风
2023/12/31,扎鲁特旗,中国,晴,-6.0,-14.0,北风,3~4级
2023/12/31,天门,中国,晴,14.0,2.0,无持续风向,微风
2023/12/31,安陆,中国,晴,12.0,1.0,无持续风向,微风
2023/12/31,藁城,中国,晴,5.0,-5.0,南风,微风
2023/12/31,兰西,中国,晴,-15.0,-22.0,北风,微风
2023/12/31,永济,中国,晴,8.0,-1.0,东风,3~4级
2023/12/31,牡丹江,中国,晴,-10.0,-23.0,东北风,3~4级
2023/12/31,吴川,中国,阵雨,25.0,16.0,无持续风向,微风
2023/12/31,新乐,中国,晴,3.0,-9.0,南风,微风
2023/12/31,察哈尔右翼后旗,中国,晴,-4.0,-17.0,西南风,3~4级
2023/12/31,淄川,中国,晴,3.0,-7.0,无持续风向,微风
2023/12/31,南丹,中国,小雨,18.0,11.0,东南风,微风
2023/12/31,万安,中国,晴,20.0,8.0,西南风,微风
2023/12/31,大庆,中国,晴,-13.0,-19.0,北风,微风
2023/12/31,交城,中国,晴,3.0,-7.0,东南风,微风
2023/12/31,白云鄂博,中国,晴,-5.0,-15.0,西南风,3~4级
2023/12/31,襄汾,中国,晴,7.0,-3.0,东北风,微风
2023/12/31,当雄,中国,多云,-2.0,-14.0,东风,5~6级
